exercice,fichier,feuille,page,type_onglet,cellules_source,lignes_ecrites,statut
2010-2011,AS-480-CJ-general_autochtones-2010-2011-BD.xls,P01C01,01,colonne_fixe,187,187,ok
2010-2011,AS-480-CJ-general_autochtones-2010-2011-BD.xls,P01C02,01,colonne_fixe,187,187,ok
2010-2011,AS-480-CJ-general_autochtones-2010-2011-BD.xls,P01L12,01,ligne_fixe,68,68,ok
2010-2011,AS-480-CJ-general_autochtones-2010-2011-BD.xls,Page-02,02,pleine,0,0,ok
2010-2011,AS-480-CJ-general_autochtones-2010-2011-BD.xls,P02,02,pleine,165,165,ok
2010-2011,AS-480-CJ-general_autochtones-2010-2011-BD.xls,P03L01À09,03,plage,153,153,ok
2010-2011,AS-480-CJ-general_autochtones-2010-2011-BD.xls,P03L10À14,03,plage,85,85,ok
2010-2011,AS-480-CJ-general_autochtones-2010-2011-BD.xls,P04L01,04,ligne_fixe,119,119,ok
2010-2011,AS-480-CJ-general_autochtones-2010-2011-BD.xls,P04L02,04,ligne_fixe,119,119,ok
2010-2011,AS-480-CJ-general_autochtones-2010-2011-BD.xls,P04L03,04,ligne_fixe,119,119,ok
2010-2011,AS-480-CJ-general_autochtones-2010-2011-BD.xls,P04L04,04,ligne_fixe,119,119,ok
2010-2011,AS-480-CJ-general_autochtones-2010-2011-BD.xls,P04L05,04,ligne_fixe,119,119,ok
2010-2011,AS-480-CJ-general_autochtones-2010-2011-BD.xls,P04L06,04,ligne_fixe,119,119,ok
2010-2011,AS-480-CJ-general_autochtones-2010-2011-BD.xls,P04L07,04,ligne_fixe,119,119,ok
2010-2011,AS-480-CJ-general_autochtones-2010-2011-BD.xls,P04L08,04,ligne_fixe,91,91,ok
2010-2011,AS-480-CJ-general_autochtones-2010-2011-BD.xls,P04L09,04,ligne_fixe,119,119,ok
2010-2011,AS-480-CJ-general_autochtones-2010-2011-BD.xls,P04L10,04,ligne_fixe,119,119,ok
2010-2011,AS-480-CJ-general_autochtones-2010-2011-BD.xls,P04L11,04,ligne_fixe,119,119,ok
2010-2011,AS-480-CJ-general_autochtones-2010-2011-BD.xls,P04L12,04,ligne_fixe,119,119,ok
2010-2011,AS-480-CJ-general_autochtones-2010-2011-BD.xls,P04L13,04,ligne_fixe,119,119,ok
2010-2011,AS-480-CJ-general_autochtones-2010-2011-BD.xls,P04L14,04,ligne_fixe,119,119,ok
2010-2011,AS-480-CJ-general_autochtones-2010-2011-BD.xls,P05L01,05,ligne_fixe,136,136,ok
2010-2011,AS-480-CJ-general_autochtones-2010-2011-BD.xls,P05L02,05,ligne_fixe,136,136,ok
2010-2011,AS-480-CJ-general_autochtones-2010-2011-BD.xls,P05L03,05,ligne_fixe,136,136,ok
2010-2011,AS-480-CJ-general_autochtones-2010-2011-BD.xls,P05L04,05,ligne_fixe,136,136,ok
2010-2011,AS-480-CJ-general_autochtones-2010-2011-BD.xls,P05L05,05,ligne_fixe,136,136,ok
2010-2011,AS-480-CJ-general_autochtones-2010-2011-BD.xls,P05L06,05,ligne_fixe,136,136,ok
2010-2011,AS-480-CJ-general_autochtones-2010-2011-BD.xls,P05L07,05,ligne_fixe,136,136,ok
2010-2011,AS-480-CJ-general_autochtones-2010-2011-BD.xls,P05L08,05,ligne_fixe,136,136,ok
2010-2011,AS-480-CJ-general_autochtones-2010-2011-BD.xls,P05L09,05,ligne_fixe,136,136,ok
2010-2011,AS-480-CJ-general_autochtones-2010-2011-BD.xls,P05L10,05,ligne_fixe,136,136,ok
2010-2011,AS-480-CJ-general_autochtones-2010-2011-BD.xls,P05L11,05,ligne_fixe,136,136,ok
2010-2011,AS-480-CJ-general_autochtones-2010-2011-BD.xls,P05L12,05,ligne_fixe,136,136,ok
2010-2011,AS-480-CJ-general_autochtones-2010-2011-BD.xls,P05L13,05,ligne_fixe,136,136,ok
2010-2011,AS-480-CJ-general_autochtones-2010-2011-BD.xls,P05L14,05,ligne_fixe,136,136,ok
2010-2011,AS-480-CJ-general_autochtones-2010-2011-BD.xls,P05L15,05,ligne_fixe,136,136,ok
2010-2011,AS-480-CJ-general_autochtones-2010-2011-BD.xls,P05L16,05,ligne_fixe,136,136,ok
2010-2011,AS-480-CJ-general_autochtones-2010-2011-BD.xls,P05L17,05,ligne_fixe,136,136,ok
2010-2011,AS-480-CJ-general_autochtones-2010-2011-BD.xls,P05L18,05,ligne_fixe,136,136,ok
2010-2011,AS-480-CJ-general_autochtones-2010-2011-BD.xls,P05L19,05,ligne_fixe,136,136,ok
2010-2011,AS-480-CJ-general_autochtones-2010-2011-BD.xls,P05L20,05,ligne_fixe,136,136,ok
2010-2011,AS-480-CJ-general_autochtones-2010-2011-BD.xls,P05L21,05,ligne_fixe,136,136,ok
2010-2011,AS-480-CJ-general_autochtones-2010-2011-BD.xls,P06C01,06,colonne_fixe,255,255,ok
2010-2011,AS-480-CJ-general_autochtones-2010-2011-BD.xls,P06C02,06,colonne_fixe,255,255,ok
2010-2011,AS-480-CJ-general_autochtones-2010-2011-BD.xls,P06C03,06,colonne_fixe,255,255,ok
2010-2011,AS-480-CJ-general_autochtones-2010-2011-BD.xls,P06C04,06,colonne_fixe,255,255,ok
2010-2011,AS-480-CJ-general_autochtones-2010-2011-BD.xls,P06C05,06,colonne_fixe,255,255,ok
2010-2011,AS-480-CJ-general_autochtones-2010-2011-BD.xls,P07L01,07,ligne_fixe,85,85,ok
2010-2011,AS-480-CJ-general_autochtones-2010-2011-BD.xls,P07L02,07,ligne_fixe,85,85,ok
2010-2011,AS-480-CJ-general_autochtones-2010-2011-BD.xls,P07L03,07,ligne_fixe,85,85,ok
2010-2011,AS-480-CJ-general_autochtones-2010-2011-BD.xls,P07L04,07,ligne_fixe,85,85,ok
2010-2011,AS-480-CJ-general_autochtones-2010-2011-BD.xls,P07L05,07,ligne_fixe,85,85,ok
2010-2011,AS-480-CJ-general_autochtones-2010-2011-BD.xls,P07L06,07,ligne_fixe,85,85,ok
2010-2011,AS-480-CJ-general_autochtones-2010-2011-BD.xls,P07L07,07,ligne_fixe,119,119,ok
2010-2011,AS-480-CJ-general_autochtones-2010-2011-BD.xls,P07L08,07,ligne_fixe,85,85,ok
2010-2011,AS-480-CJ-general_autochtones-2010-2011-BD.xls,P07L09,07,ligne_fixe,85,85,ok
2010-2011,AS-480-CJ-general_autochtones-2010-2011-BD.xls,P07L10,07,ligne_fixe,85,85,ok
2010-2011,AS-480-CJ-general_autochtones-2010-2011-BD.xls,P07L11,07,ligne_fixe,85,85,ok
2010-2011,AS-480-CJ-general_autochtones-2010-2011-BD.xls,P07L12,07,ligne_fixe,85,85,ok
2010-2011,AS-480-CJ-general_autochtones-2010-2011-BD.xls,P07L13,07,ligne_fixe,85,85,ok
2010-2011,AS-480-CJ-general_autochtones-2010-2011-BD.xls,P07L14,07,ligne_fixe,119,119,ok
2010-2011,AS-480-CJ-general_autochtones-2010-2011-BD.xls,P07L15,07,ligne_fixe,85,85,ok
2010-2011,AS-480-CJ-general_autochtones-2010-2011-BD.xls,P07L16,07,ligne_fixe,85,85,ok
2010-2011,AS-480-CJ-general_autochtones-2010-2011-BD.xls,P07L17,07,ligne_fixe,85,85,ok
2010-2011,AS-480-CJ-general_autochtones-2010-2011-BD.xls,P07L18,07,ligne_fixe,85,85,ok
2010-2011,AS-480-CJ-general_autochtones-2010-2011-BD.xls,P07L19,07,ligne_fixe,85,85,ok
2010-2011,AS-480-CJ-general_autochtones-2010-2011-BD.xls,P07L20,07,ligne_fixe,85,85,ok
2010-2011,AS-480-CJ-general_autochtones-2010-2011-BD.xls,P07L21,07,ligne_fixe,119,119,ok
2010-2011,AS-480-CJ-general_autochtones-2010-2011-BD.xls,P07L22À27,07,plage,102,102,ok
2010-2011,AS-480-CJ-general_autochtones-2010-2011-BD.xls,P08L01ET02,08,plage,34,34,ok
2010-2011,AS-480-CJ-general_autochtones-2010-2011-BD.xls,P08L03À16,08,plage,238,238,ok
2010-2011,AS-480-CJ-general_autochtones-2010-2011-BD.xls,P08L17À22,08,plage,102,102,ok
2010-2011,AS-480-CJ-general_autochtones-2010-2011-BD.xls,P09L01À12,09,plage,204,204,ok
2010-2011,AS-480-CJ-general_autochtones-2010-2011-BD.xls,P10L01,10,ligne_fixe,153,153,ok
2010-2011,AS-480-CJ-general_autochtones-2010-2011-BD.xls,P10L02à06,10,plage,85,85,ok
2010-2011,AS-480-CJ-general_autochtones-2010-2011-BD.xls,P11C01,11,colonne_fixe,238,238,ok
2010-2011,AS-480-CJ-general_autochtones-2010-2011-BD.xls,P12C01,12,colonne_fixe,102,102,ok
2010-2011,AS-480-CJ-general_autochtones-2010-2011-BD.xls,P12C02,12,colonne_fixe,136,136,ok
2010-2011,AS-480-CJ-general_autochtones-2010-2011-BD.xls,P12C03,12,colonne_fixe,85,85,ok
2010-2011,AS-480-CJ-general_autochtones-2010-2011-BD.xls,P12C04,12,colonne_fixe,85,85,ok
2010-2011,AS-480-CJ-general_autochtones-2010-2011-BD.xls,P12C05,12,colonne_fixe,153,153,ok
2010-2011,AS-480-CJ-general_autochtones-2010-2011-BD.xls,P13L01À03,13,plage,153,153,ok
2010-2011,AS-480-CJ-general_autochtones-2010-2011-BD.xls,P13L04À06,13,plage,153,153,ok
2010-2011,AS-480-CJ-general_autochtones-2010-2011-BD.xls,P13L07,13,ligne_fixe,51,51,ok
2010-2011,AS-480-CJ-general_autochtones-2010-2011-BD.xls,P14L01ÀL05,14,plage,255,255,ok
2010-2011,AS-480-CJ-general_autochtones-2010-2011-BD.xls,P14L06ÀL09,14,plage,68,68,ok
2010-2011,AS-480-CJ-general_autochtones-2010-2011-BD.xls,P15C01,15,colonne_fixe,425,425,ok
2010-2011,AS-480-CJ-general_autochtones-2010-2011-BD.xls,P15C02,15,colonne_fixe,425,425,ok
2010-2011,AS-480-CJ-general_autochtones-2010-2011-BD.xls,P15C03,15,colonne_fixe,425,425,ok
2010-2011,AS-480-CJ-general_autochtones-2010-2011-BD.xls,P15C04,15,colonne_fixe,425,425,ok
2010-2011,AS-480-CJ-general_autochtones-2010-2011-BD.xls,P15C05,15,colonne_fixe,425,425,ok
2010-2011,AS-480-CJ-general_autochtones-2010-2011-BD.xls,P15C06,15,colonne_fixe,425,425,ok
2010-2011,AS-480-CJ-general_autochtones-2010-2011-BD.xls,P15C07,15,colonne_fixe,425,425,ok
2010-2011,AS-480-CJ-general_autochtones-2010-2011-BD.xls,P15C08,15,colonne_fixe,425,425,ok
2010-2011,AS-480-CJ-general_autochtones-2010-2011-BD.xls,Page-16,16,pleine,0,0,ok
2010-2011,AS-480-CJ-general_autochtones-2010-2011-BD.xls,P16,16,pleine,306,306,ok
2010-2011,AS-480-CJ-general_autochtones-2010-2011-BD.xls,P17L01,17,ligne_fixe,102,102,ok
2010-2011,AS-480-CJ-general_autochtones-2010-2011-BD.xls,P17L02,17,ligne_fixe,85,85,ok
2010-2011,AS-480-CJ-general_autochtones-2010-2011-BD.xls,P17L03,17,ligne_fixe,85,85,ok
2010-2011,AS-480-CJ-general_autochtones-2010-2011-BD.xls,P17L04,17,ligne_fixe,85,85,ok
2010-2011,AS-480-CJ-general_autochtones-2010-2011-BD.xls,P17L05,17,ligne_fixe,85,85,ok
2010-2011,AS-480-CJ-general_autochtones-2010-2011-BD.xls,P17L06,17,ligne_fixe,85,85,ok
2010-2011,AS-480-CJ-general_autochtones-2010-2011-BD.xls,P17L07,17,ligne_fixe,102,102,ok
2010-2011,AS-480-CJ-general_autochtones-2010-2011-BD.xls,P17L08,17,ligne_fixe,102,102,ok
2010-2011,AS-480-CJ-general_autochtones-2010-2011-BD.xls,P17L09,17,ligne_fixe,34,34,ok
2010-2011,AS-480-CJ-general_autochtones-2010-2011-BD.xls,P17L10,17,ligne_fixe,102,102,ok
2010-2011,AS-480-CJ-general_autochtones-2010-2011-BD.xls,P17L11,17,ligne_fixe,102,102,ok
2010-2011,AS-480-CJ-general_autochtones-2010-2011-BD.xls,P17L12,17,ligne_fixe,102,102,ok
2010-2011,AS-480-CJ-general_autochtones-2010-2011-BD.xls,P17L13,17,ligne_fixe,102,102,ok
2010-2011,AS-480-CJ-general_autochtones-2010-2011-BD.xls,P17L14&15,17,plage,34,34,ok
2010-2011,AS-480-CJ-general_autochtones-2010-2011-BD.xls,P18L01,18,ligne_fixe,102,102,ok
2010-2011,AS-480-CJ-general_autochtones-2010-2011-BD.xls,P18L02,18,ligne_fixe,102,102,ok
2010-2011,AS-480-CJ-general_autochtones-2010-2011-BD.xls,P18L03,18,ligne_fixe,102,102,ok
2010-2011,AS-480-CJ-general_autochtones-2010-2011-BD.xls,P18L04,18,ligne_fixe,102,102,ok
2010-2011,AS-480-CJ-general_autochtones-2010-2011-BD.xls,P18L05,18,ligne_fixe,102,102,ok
2010-2011,AS-480-CJ-general_autochtones-2010-2011-BD.xls,P18L06,18,ligne_fixe,102,102,ok
2011-2012,BD-AS-480-peoples-autochtones.xlsx,P01C01,01,colonne_fixe,176,176,ok
2011-2012,BD-AS-480-peoples-autochtones.xlsx,P01C02,01,colonne_fixe,176,176,ok
2011-2012,BD-AS-480-peoples-autochtones.xlsx,P01L12,01,ligne_fixe,64,64,ok
2011-2012,BD-AS-480-peoples-autochtones.xlsx,Page-02,02,pleine,0,0,ok
2011-2012,BD-AS-480-peoples-autochtones.xlsx,P02,02,pleine,176,176,ok
2011-2012,BD-AS-480-peoples-autochtones.xlsx,P03L01À09,03,plage,144,144,ok
2011-2012,BD-AS-480-peoples-autochtones.xlsx,P03L10À14,03,plage,80,80,ok
2011-2012,BD-AS-480-peoples-autochtones.xlsx,P04L01,04,ligne_fixe,105,105,ok
2011-2012,BD-AS-480-peoples-autochtones.xlsx,P04L02,04,ligne_fixe,105,105,ok
2011-2012,BD-AS-480-peoples-autochtones.xlsx,P04L03,04,ligne_fixe,105,105,ok
2011-2012,BD-AS-480-peoples-autochtones.xlsx,P04L04,04,ligne_fixe,112,112,ok
2011-2012,BD-AS-480-peoples-autochtones.xlsx,P04L05,04,ligne_fixe,105,105,ok
2011-2012,BD-AS-480-peoples-autochtones.xlsx,P04L06,04,ligne_fixe,105,105,ok
2011-2012,BD-AS-480-peoples-autochtones.xlsx,P04L07,04,ligne_fixe,105,105,ok
2011-2012,BD-AS-480-peoples-autochtones.xlsx,P04L08,04,ligne_fixe,112,112,ok
2011-2012,BD-AS-480-peoples-autochtones.xlsx,P04L09,04,ligne_fixe,112,112,ok
2011-2012,BD-AS-480-peoples-autochtones.xlsx,P04L10,04,ligne_fixe,112,112,ok
2011-2012,BD-AS-480-peoples-autochtones.xlsx,P04L11,04,ligne_fixe,112,112,ok
2011-2012,BD-AS-480-peoples-autochtones.xlsx,P04L12,04,ligne_fixe,112,112,ok
2011-2012,BD-AS-480-peoples-autochtones.xlsx,P04L13,04,ligne_fixe,112,112,ok
2011-2012,BD-AS-480-peoples-autochtones.xlsx,P04L14,04,ligne_fixe,112,112,ok
2011-2012,BD-AS-480-peoples-autochtones.xlsx,P05L01,05,ligne_fixe,128,128,ok
2011-2012,BD-AS-480-peoples-autochtones.xlsx,P05L02,05,ligne_fixe,128,128,ok
2011-2012,BD-AS-480-peoples-autochtones.xlsx,P05L03,05,ligne_fixe,128,128,ok
2011-2012,BD-AS-480-peoples-autochtones.xlsx,P05L04,05,ligne_fixe,128,128,ok
2011-2012,BD-AS-480-peoples-autochtones.xlsx,P05L05,05,ligne_fixe,128,128,ok
2011-2012,BD-AS-480-peoples-autochtones.xlsx,P05L06,05,ligne_fixe,128,128,ok
2011-2012,BD-AS-480-peoples-autochtones.xlsx,P05L07,05,ligne_fixe,128,128,ok
2011-2012,BD-AS-480-peoples-autochtones.xlsx,P05L08,05,ligne_fixe,128,128,ok
2011-2012,BD-AS-480-peoples-autochtones.xlsx,P05L09,05,ligne_fixe,128,128,ok
2011-2012,BD-AS-480-peoples-autochtones.xlsx,P05L10,05,ligne_fixe,128,128,ok
2011-2012,BD-AS-480-peoples-autochtones.xlsx,P05L11,05,ligne_fixe,128,128,ok
2011-2012,BD-AS-480-peoples-autochtones.xlsx,P05L12,05,ligne_fixe,128,128,ok
2011-2012,BD-AS-480-peoples-autochtones.xlsx,P05L13,05,ligne_fixe,128,128,ok
2011-2012,BD-AS-480-peoples-autochtones.xlsx,P05L14,05,ligne_fixe,128,128,ok
2011-2012,BD-AS-480-peoples-autochtones.xlsx,P05L15,05,ligne_fixe,128,128,ok
2011-2012,BD-AS-480-peoples-autochtones.xlsx,P05L16,05,ligne_fixe,128,128,ok
2011-2012,BD-AS-480-peoples-autochtones.xlsx,P05L17,05,ligne_fixe,128,128,ok
2011-2012,BD-AS-480-peoples-autochtones.xlsx,P05L18,05,ligne_fixe,128,128,ok
2011-2012,BD-AS-480-peoples-autochtones.xlsx,P05L19,05,ligne_fixe,128,128,ok
2011-2012,BD-AS-480-peoples-autochtones.xlsx,P05L20,05,ligne_fixe,128,128,ok
2011-2012,BD-AS-480-peoples-autochtones.xlsx,P05L21,05,ligne_fixe,128,128,ok
2011-2012,BD-AS-480-peoples-autochtones.xlsx,P05L22,05,ligne_fixe,128,128,ok
2011-2012,BD-AS-480-peoples-autochtones.xlsx,P06C01,06,colonne_fixe,240,240,ok
2011-2012,BD-AS-480-peoples-autochtones.xlsx,P06C02,06,colonne_fixe,240,240,ok
2011-2012,BD-AS-480-peoples-autochtones.xlsx,P06C03,06,colonne_fixe,240,240,ok
2011-2012,BD-AS-480-peoples-autochtones.xlsx,P06C04,06,colonne_fixe,240,240,ok
2011-2012,BD-AS-480-peoples-autochtones.xlsx,P06C05,06,colonne_fixe,240,240,ok
2011-2012,BD-AS-480-peoples-autochtones.xlsx,P07L01,07,ligne_fixe,80,80,ok
2011-2012,BD-AS-480-peoples-autochtones.xlsx,P07L02,07,ligne_fixe,80,80,ok
2011-2012,BD-AS-480-peoples-autochtones.xlsx,P07L03,07,ligne_fixe,80,80,ok
2011-2012,BD-AS-480-peoples-autochtones.xlsx,P07L04,07,ligne_fixe,80,80,ok
2011-2012,BD-AS-480-peoples-autochtones.xlsx,P07L05,07,ligne_fixe,80,80,ok
2011-2012,BD-AS-480-peoples-autochtones.xlsx,P07L06,07,ligne_fixe,80,80,ok
2011-2012,BD-AS-480-peoples-autochtones.xlsx,P07L07,07,ligne_fixe,112,112,ok
2011-2012,BD-AS-480-peoples-autochtones.xlsx,P07L08,07,ligne_fixe,80,80,ok
2011-2012,BD-AS-480-peoples-autochtones.xlsx,P07L09,07,ligne_fixe,80,80,ok
2011-2012,BD-AS-480-peoples-autochtones.xlsx,P07L10,07,ligne_fixe,80,80,ok
2011-2012,BD-AS-480-peoples-autochtones.xlsx,P07L11,07,ligne_fixe,80,80,ok
2011-2012,BD-AS-480-peoples-autochtones.xlsx,P07L12,07,ligne_fixe,80,80,ok
2011-2012,BD-AS-480-peoples-autochtones.xlsx,P07L13,07,ligne_fixe,80,80,ok
2011-2012,BD-AS-480-peoples-autochtones.xlsx,P07L14,07,ligne_fixe,112,112,ok
2011-2012,BD-AS-480-peoples-autochtones.xlsx,P07L15,07,ligne_fixe,80,80,ok
2011-2012,BD-AS-480-peoples-autochtones.xlsx,P07L16,07,ligne_fixe,80,80,ok
2011-2012,BD-AS-480-peoples-autochtones.xlsx,P07L17,07,ligne_fixe,80,80,ok
2011-2012,BD-AS-480-peoples-autochtones.xlsx,P07L18,07,ligne_fixe,80,80,ok
2011-2012,BD-AS-480-peoples-autochtones.xlsx,P07L19,07,ligne_fixe,80,80,ok
2011-2012,BD-AS-480-peoples-autochtones.xlsx,P07L20,07,ligne_fixe,80,80,ok
2011-2012,BD-AS-480-peoples-autochtones.xlsx,P07L21,07,ligne_fixe,112,112,ok
2011-2012,BD-AS-480-peoples-autochtones.xlsx,P07L22À27,07,plage,96,96,ok
2011-2012,BD-AS-480-peoples-autochtones.xlsx,P08L01ET02,08,plage,32,32,ok
2011-2012,BD-AS-480-peoples-autochtones.xlsx,P08L03À16,08,plage,224,224,ok
2011-2012,BD-AS-480-peoples-autochtones.xlsx,P08L17À22,08,plage,96,96,ok
2011-2012,BD-AS-480-peoples-autochtones.xlsx,P09L01À12,09,plage,192,192,ok
2011-2012,BD-AS-480-peoples-autochtones.xlsx,P10L01,10,ligne_fixe,144,144,ok
2011-2012,BD-AS-480-peoples-autochtones.xlsx,P10L02à06,10,plage,80,80,ok
2011-2012,BD-AS-480-peoples-autochtones.xlsx,P11C01,11,colonne_fixe,224,224,ok
2011-2012,BD-AS-480-peoples-autochtones.xlsx,P12C01,12,colonne_fixe,96,96,ok
2011-2012,BD-AS-480-peoples-autochtones.xlsx,P12C02,12,colonne_fixe,128,128,ok
2011-2012,BD-AS-480-peoples-autochtones.xlsx,P12C03,12,colonne_fixe,80,80,ok
2011-2012,BD-AS-480-peoples-autochtones.xlsx,P12C04,12,colonne_fixe,80,80,ok
2011-2012,BD-AS-480-peoples-autochtones.xlsx,P12C05,12,colonne_fixe,128,128,ok
2011-2012,BD-AS-480-peoples-autochtones.xlsx,P13L01À03,13,plage,144,144,ok
2011-2012,BD-AS-480-peoples-autochtones.xlsx,P13L04À06,13,plage,144,144,ok
2011-2012,BD-AS-480-peoples-autochtones.xlsx,P13L07,13,ligne_fixe,48,48,ok
2011-2012,BD-AS-480-peoples-autochtones.xlsx,P14L01ÀL05,14,plage,240,240,ok
2011-2012,BD-AS-480-peoples-autochtones.xlsx,P14L06ÀL09,14,plage,64,64,ok
2011-2012,BD-AS-480-peoples-autochtones.xlsx,P15C01,15,colonne_fixe,400,400,ok
2011-2012,BD-AS-480-peoples-autochtones.xlsx,P15C02,15,colonne_fixe,400,400,ok
2011-2012,BD-AS-480-peoples-autochtones.xlsx,P15C03,15,colonne_fixe,400,400,ok
2011-2012,BD-AS-480-peoples-autochtones.xlsx,P15C04,15,colonne_fixe,400,400,ok
2011-2012,BD-AS-480-peoples-autochtones.xlsx,P15C05,15,colonne_fixe,400,400,ok
2011-2012,BD-AS-480-peoples-autochtones.xlsx,P15C06,15,colonne_fixe,375,375,ok
2011-2012,BD-AS-480-peoples-autochtones.xlsx,P15C07,15,colonne_fixe,400,400,ok
2011-2012,BD-AS-480-peoples-autochtones.xlsx,P15C08,15,colonne_fixe,432,432,ok
2011-2012,BD-AS-480-peoples-autochtones.xlsx,Page-16,16,pleine,0,0,ok
2011-2012,BD-AS-480-peoples-autochtones.xlsx,P16,16,pleine,288,288,ok
2011-2012,BD-AS-480-peoples-autochtones.xlsx,P17L01,17,ligne_fixe,96,96,ok
2011-2012,BD-AS-480-peoples-autochtones.xlsx,P17L02,17,ligne_fixe,96,96,ok
2011-2012,BD-AS-480-peoples-autochtones.xlsx,P17L03,17,ligne_fixe,96,96,ok
2011-2012,BD-AS-480-peoples-autochtones.xlsx,P17L04,17,ligne_fixe,96,96,ok
2011-2012,BD-AS-480-peoples-autochtones.xlsx,P17L05,17,ligne_fixe,96,96,ok
2011-2012,BD-AS-480-peoples-autochtones.xlsx,P17L06,17,ligne_fixe,96,96,ok
2011-2012,BD-AS-480-peoples-autochtones.xlsx,P17L07,17,ligne_fixe,96,96,ok
2011-2012,BD-AS-480-peoples-autochtones.xlsx,P17L08,17,ligne_fixe,96,96,ok
2011-2012,BD-AS-480-peoples-autochtones.xlsx,P17L09,17,ligne_fixe,32,32,ok
2011-2012,BD-AS-480-peoples-autochtones.xlsx,P17L10,17,ligne_fixe,96,96,ok
2011-2012,BD-AS-480-peoples-autochtones.xlsx,P17L11,17,ligne_fixe,96,96,ok
2011-2012,BD-AS-480-peoples-autochtones.xlsx,P17L12,17,ligne_fixe,96,96,ok
2011-2012,BD-AS-480-peoples-autochtones.xlsx,P17L13,17,ligne_fixe,96,96,ok
2011-2012,BD-AS-480-peoples-autochtones.xlsx,P17L14&15,17,plage,32,32,ok
2011-2012,BD-AS-480-peoples-autochtones.xlsx,P18L01,18,ligne_fixe,96,96,ok
2011-2012,BD-AS-480-peoples-autochtones.xlsx,P18L02,18,ligne_fixe,96,96,ok
2011-2012,BD-AS-480-peoples-autochtones.xlsx,P18L03,18,ligne_fixe,96,96,ok
2011-2012,BD-AS-480-peoples-autochtones.xlsx,P18L04,18,ligne_fixe,96,96,ok
2011-2012,BD-AS-480-peoples-autochtones.xlsx,P18L05,18,ligne_fixe,96,96,ok
2011-2012,BD-AS-480-peoples-autochtones.xlsx,P18L06,18,ligne_fixe,96,96,ok
2012-2013,BD-AS-480-CJ-general_autochtones-2012-2013.xlsx,P01C01,01,colonne_fixe,176,176,ok
2012-2013,BD-AS-480-CJ-general_autochtones-2012-2013.xlsx,P01C02,01,colonne_fixe,176,176,ok
2012-2013,BD-AS-480-CJ-general_autochtones-2012-2013.xlsx,P01L12,01,ligne_fixe,64,64,ok
2012-2013,BD-AS-480-CJ-general_autochtones-2012-2013.xlsx,Page-02,02,pleine,0,0,ok
2012-2013,BD-AS-480-CJ-general_autochtones-2012-2013.xlsx,P02,02,pleine,176,176,ok
2012-2013,BD-AS-480-CJ-general_autochtones-2012-2013.xlsx,P03L01À09,03,plage,144,144,ok
2012-2013,BD-AS-480-CJ-general_autochtones-2012-2013.xlsx,P03L10À14,03,plage,80,80,ok
2012-2013,BD-AS-480-CJ-general_autochtones-2012-2013.xlsx,P04L01,04,ligne_fixe,105,105,ok
2012-2013,BD-AS-480-CJ-general_autochtones-2012-2013.xlsx,P04L02,04,ligne_fixe,105,105,ok
2012-2013,BD-AS-480-CJ-general_autochtones-2012-2013.xlsx,P04L03,04,ligne_fixe,105,105,ok
2012-2013,BD-AS-480-CJ-general_autochtones-2012-2013.xlsx,P04L04,04,ligne_fixe,112,112,ok
2012-2013,BD-AS-480-CJ-general_autochtones-2012-2013.xlsx,P04L05,04,ligne_fixe,105,105,ok
2012-2013,BD-AS-480-CJ-general_autochtones-2012-2013.xlsx,P04L06,04,ligne_fixe,105,105,ok
2012-2013,BD-AS-480-CJ-general_autochtones-2012-2013.xlsx,P04L07,04,ligne_fixe,105,105,ok
2012-2013,BD-AS-480-CJ-general_autochtones-2012-2013.xlsx,P04L08,04,ligne_fixe,112,112,ok
2012-2013,BD-AS-480-CJ-general_autochtones-2012-2013.xlsx,P04L09,04,ligne_fixe,112,112,ok
2012-2013,BD-AS-480-CJ-general_autochtones-2012-2013.xlsx,P04L10,04,ligne_fixe,112,112,ok
2012-2013,BD-AS-480-CJ-general_autochtones-2012-2013.xlsx,P04L11,04,ligne_fixe,112,112,ok
2012-2013,BD-AS-480-CJ-general_autochtones-2012-2013.xlsx,P04L12,04,ligne_fixe,112,112,ok
2012-2013,BD-AS-480-CJ-general_autochtones-2012-2013.xlsx,P04L13,04,ligne_fixe,112,112,ok
2012-2013,BD-AS-480-CJ-general_autochtones-2012-2013.xlsx,P04L14,04,ligne_fixe,112,112,ok
2012-2013,BD-AS-480-CJ-general_autochtones-2012-2013.xlsx,P05L01,05,ligne_fixe,128,128,ok
2012-2013,BD-AS-480-CJ-general_autochtones-2012-2013.xlsx,P05L02,05,ligne_fixe,128,128,ok
2012-2013,BD-AS-480-CJ-general_autochtones-2012-2013.xlsx,P05L03,05,ligne_fixe,128,128,ok
2012-2013,BD-AS-480-CJ-general_autochtones-2012-2013.xlsx,P05L04,05,ligne_fixe,128,128,ok
2012-2013,BD-AS-480-CJ-general_autochtones-2012-2013.xlsx,P05L05,05,ligne_fixe,128,128,ok
2012-2013,BD-AS-480-CJ-general_autochtones-2012-2013.xlsx,P05L06,05,ligne_fixe,128,128,ok
2012-2013,BD-AS-480-CJ-general_autochtones-2012-2013.xlsx,P05L07,05,ligne_fixe,128,128,ok
2012-2013,BD-AS-480-CJ-general_autochtones-2012-2013.xlsx,P05L08,05,ligne_fixe,128,128,ok
2012-2013,BD-AS-480-CJ-general_autochtones-2012-2013.xlsx,P05L09,05,ligne_fixe,128,128,ok
2012-2013,BD-AS-480-CJ-general_autochtones-2012-2013.xlsx,P05L10,05,ligne_fixe,128,128,ok
2012-2013,BD-AS-480-CJ-general_autochtones-2012-2013.xlsx,P05L11,05,ligne_fixe,128,128,ok
2012-2013,BD-AS-480-CJ-general_autochtones-2012-2013.xlsx,P05L12,05,ligne_fixe,128,128,ok
2012-2013,BD-AS-480-CJ-general_autochtones-2012-2013.xlsx,P05L13,05,ligne_fixe,128,128,ok
2012-2013,BD-AS-480-CJ-general_autochtones-2012-2013.xlsx,P05L14,05,ligne_fixe,128,128,ok
2012-2013,BD-AS-480-CJ-general_autochtones-2012-2013.xlsx,P05L15,05,ligne_fixe,128,128,ok
2012-2013,BD-AS-480-CJ-general_autochtones-2012-2013.xlsx,P05L16,05,ligne_fixe,128,128,ok
2012-2013,BD-AS-480-CJ-general_autochtones-2012-2013.xlsx,P05L17,05,ligne_fixe,128,128,ok
2012-2013,BD-AS-480-CJ-general_autochtones-2012-2013.xlsx,P05L18,05,ligne_fixe,128,128,ok
2012-2013,BD-AS-480-CJ-general_autochtones-2012-2013.xlsx,P05L19,05,ligne_fixe,128,128,ok
2012-2013,BD-AS-480-CJ-general_autochtones-2012-2013.xlsx,P05L20,05,ligne_fixe,128,128,ok
2012-2013,BD-AS-480-CJ-general_autochtones-2012-2013.xlsx,P05L21,05,ligne_fixe,128,128,ok
2012-2013,BD-AS-480-CJ-general_autochtones-2012-2013.xlsx,P05L22,05,ligne_fixe,128,128,ok
2012-2013,BD-AS-480-CJ-general_autochtones-2012-2013.xlsx,P06C01,06,colonne_fixe,240,240,ok
2012-2013,BD-AS-480-CJ-general_autochtones-2012-2013.xlsx,P06C02,06,colonne_fixe,240,240,ok
2012-2013,BD-AS-480-CJ-general_autochtones-2012-2013.xlsx,P06C03,06,colonne_fixe,240,240,ok
2012-2013,BD-AS-480-CJ-general_autochtones-2012-2013.xlsx,P06C04,06,colonne_fixe,240,240,ok
2012-2013,BD-AS-480-CJ-general_autochtones-2012-2013.xlsx,P06C05,06,colonne_fixe,240,240,ok
2012-2013,BD-AS-480-CJ-general_autochtones-2012-2013.xlsx,P07L01,07,ligne_fixe,80,80,ok
2012-2013,BD-AS-480-CJ-general_autochtones-2012-2013.xlsx,P07L02,07,ligne_fixe,80,80,ok
2012-2013,BD-AS-480-CJ-general_autochtones-2012-2013.xlsx,P07L03,07,ligne_fixe,80,80,ok
2012-2013,BD-AS-480-CJ-general_autochtones-2012-2013.xlsx,P07L04,07,ligne_fixe,80,80,ok
2012-2013,BD-AS-480-CJ-general_autochtones-2012-2013.xlsx,P07L05,07,ligne_fixe,80,80,ok
2012-2013,BD-AS-480-CJ-general_autochtones-2012-2013.xlsx,P07L06,07,ligne_fixe,80,80,ok
2012-2013,BD-AS-480-CJ-general_autochtones-2012-2013.xlsx,P07L07,07,ligne_fixe,112,112,ok
2012-2013,BD-AS-480-CJ-general_autochtones-2012-2013.xlsx,P07L08,07,ligne_fixe,80,80,ok
2012-2013,BD-AS-480-CJ-general_autochtones-2012-2013.xlsx,P07L09,07,ligne_fixe,80,80,ok
2012-2013,BD-AS-480-CJ-general_autochtones-2012-2013.xlsx,P07L10,07,ligne_fixe,80,80,ok
2012-2013,BD-AS-480-CJ-general_autochtones-2012-2013.xlsx,P07L11,07,ligne_fixe,80,80,ok
2012-2013,BD-AS-480-CJ-general_autochtones-2012-2013.xlsx,P07L12,07,ligne_fixe,80,80,ok
2012-2013,BD-AS-480-CJ-general_autochtones-2012-2013.xlsx,P07L13,07,ligne_fixe,80,80,ok
2012-2013,BD-AS-480-CJ-general_autochtones-2012-2013.xlsx,P07L14,07,ligne_fixe,112,112,ok
2012-2013,BD-AS-480-CJ-general_autochtones-2012-2013.xlsx,P07L15,07,ligne_fixe,80,80,ok
2012-2013,BD-AS-480-CJ-general_autochtones-2012-2013.xlsx,P07L16,07,ligne_fixe,80,80,ok
2012-2013,BD-AS-480-CJ-general_autochtones-2012-2013.xlsx,P07L17,07,ligne_fixe,80,80,ok
2012-2013,BD-AS-480-CJ-general_autochtones-2012-2013.xlsx,P07L18,07,ligne_fixe,80,80,ok
2012-2013,BD-AS-480-CJ-general_autochtones-2012-2013.xlsx,P07L19,07,ligne_fixe,80,80,ok
2012-2013,BD-AS-480-CJ-general_autochtones-2012-2013.xlsx,P07L20,07,ligne_fixe,80,80,ok
2012-2013,BD-AS-480-CJ-general_autochtones-2012-2013.xlsx,P07L21,07,ligne_fixe,112,112,ok
2012-2013,BD-AS-480-CJ-general_autochtones-2012-2013.xlsx,P07L22À27,07,plage,96,96,ok
2012-2013,BD-AS-480-CJ-general_autochtones-2012-2013.xlsx,P08L01ET02,08,plage,32,32,ok
2012-2013,BD-AS-480-CJ-general_autochtones-2012-2013.xlsx,P08L03À16,08,plage,224,224,ok
2012-2013,BD-AS-480-CJ-general_autochtones-2012-2013.xlsx,P08L17À22,08,plage,96,96,ok
2012-2013,BD-AS-480-CJ-general_autochtones-2012-2013.xlsx,P09L01À12,09,plage,192,192,ok
2012-2013,BD-AS-480-CJ-general_autochtones-2012-2013.xlsx,P10L01,10,ligne_fixe,144,144,ok
2012-2013,BD-AS-480-CJ-general_autochtones-2012-2013.xlsx,P10L02à06,10,plage,80,80,ok
2012-2013,BD-AS-480-CJ-general_autochtones-2012-2013.xlsx,P11C01,11,colonne_fixe,224,224,ok
2012-2013,BD-AS-480-CJ-general_autochtones-2012-2013.xlsx,P12C01,12,colonne_fixe,96,96,ok
2012-2013,BD-AS-480-CJ-general_autochtones-2012-2013.xlsx,P12C02,12,colonne_fixe,128,128,ok
2012-2013,BD-AS-480-CJ-general_autochtones-2012-2013.xlsx,P12C03,12,colonne_fixe,80,80,ok
2012-2013,BD-AS-480-CJ-general_autochtones-2012-2013.xlsx,P12C04,12,colonne_fixe,80,80,ok
2012-2013,BD-AS-480-CJ-general_autochtones-2012-2013.xlsx,P12C05,12,colonne_fixe,128,128,ok
2012-2013,BD-AS-480-CJ-general_autochtones-2012-2013.xlsx,P13L01À03,13,plage,144,144,ok
2012-2013,BD-AS-480-CJ-general_autochtones-2012-2013.xlsx,P13L04À06,13,plage,144,144,ok
2012-2013,BD-AS-480-CJ-general_autochtones-2012-2013.xlsx,P13L07,13,ligne_fixe,48,48,ok
2012-2013,BD-AS-480-CJ-general_autochtones-2012-2013.xlsx,P14L01ÀL05,14,plage,240,240,ok
2012-2013,BD-AS-480-CJ-general_autochtones-2012-2013.xlsx,P14L06ÀL09,14,plage,64,64,ok
2012-2013,BD-AS-480-CJ-general_autochtones-2012-2013.xlsx,P15C01,15,colonne_fixe,400,400,ok
2012-2013,BD-AS-480-CJ-general_autochtones-2012-2013.xlsx,P15C02,15,colonne_fixe,400,400,ok
2012-2013,BD-AS-480-CJ-general_autochtones-2012-2013.xlsx,P15C03,15,colonne_fixe,400,400,ok
2012-2013,BD-AS-480-CJ-general_autochtones-2012-2013.xlsx,P15C04,15,colonne_fixe,400,400,ok
2012-2013,BD-AS-480-CJ-general_autochtones-2012-2013.xlsx,P15C05,15,colonne_fixe,400,400,ok
2012-2013,BD-AS-480-CJ-general_autochtones-2012-2013.xlsx,P15C06,15,colonne_fixe,375,375,ok
2012-2013,BD-AS-480-CJ-general_autochtones-2012-2013.xlsx,P15C07,15,colonne_fixe,400,400,ok
2012-2013,BD-AS-480-CJ-general_autochtones-2012-2013.xlsx,P15C08,15,colonne_fixe,432,432,ok
2012-2013,BD-AS-480-CJ-general_autochtones-2012-2013.xlsx,Page-16,16,pleine,0,0,ok
2012-2013,BD-AS-480-CJ-general_autochtones-2012-2013.xlsx,P16,16,pleine,288,288,ok
2012-2013,BD-AS-480-CJ-general_autochtones-2012-2013.xlsx,P17L01,17,ligne_fixe,96,96,ok
2012-2013,BD-AS-480-CJ-general_autochtones-2012-2013.xlsx,P17L02,17,ligne_fixe,96,96,ok
2012-2013,BD-AS-480-CJ-general_autochtones-2012-2013.xlsx,P17L03,17,ligne_fixe,96,96,ok
2012-2013,BD-AS-480-CJ-general_autochtones-2012-2013.xlsx,P17L04,17,ligne_fixe,96,96,ok
2012-2013,BD-AS-480-CJ-general_autochtones-2012-2013.xlsx,P17L05,17,ligne_fixe,96,96,ok
2012-2013,BD-AS-480-CJ-general_autochtones-2012-2013.xlsx,P17L06,17,ligne_fixe,96,96,ok
2012-2013,BD-AS-480-CJ-general_autochtones-2012-2013.xlsx,P17L07,17,ligne_fixe,96,96,ok
2012-2013,BD-AS-480-CJ-general_autochtones-2012-2013.xlsx,P17L08,17,ligne_fixe,96,96,ok
2012-2013,BD-AS-480-CJ-general_autochtones-2012-2013.xlsx,P17L09,17,ligne_fixe,32,32,ok
2012-2013,BD-AS-480-CJ-general_autochtones-2012-2013.xlsx,P17L10,17,ligne_fixe,96,96,ok
2012-2013,BD-AS-480-CJ-general_autochtones-2012-2013.xlsx,P17L11,17,ligne_fixe,96,96,ok
2012-2013,BD-AS-480-CJ-general_autochtones-2012-2013.xlsx,P17L12,17,ligne_fixe,96,96,ok
2012-2013,BD-AS-480-CJ-general_autochtones-2012-2013.xlsx,P17L13,17,ligne_fixe,64,64,ok
2012-2013,BD-AS-480-CJ-general_autochtones-2012-2013.xlsx,P17L14&15,17,plage,32,32,ok
2012-2013,BD-AS-480-CJ-general_autochtones-2012-2013.xlsx,P18L01,18,ligne_fixe,96,96,ok
2012-2013,BD-AS-480-CJ-general_autochtones-2012-2013.xlsx,P18L02,18,ligne_fixe,96,96,ok
2012-2013,BD-AS-480-CJ-general_autochtones-2012-2013.xlsx,P18L03,18,ligne_fixe,96,96,ok
2012-2013,BD-AS-480-CJ-general_autochtones-2012-2013.xlsx,P18L04,18,ligne_fixe,96,96,ok
2012-2013,BD-AS-480-CJ-general_autochtones-2012-2013.xlsx,P18L05,18,ligne_fixe,96,96,ok
2012-2013,BD-AS-480-CJ-general_autochtones-2012-2013.xlsx,P18L06,18,ligne_fixe,96,96,ok
2013-2014,BD-AS-480-General-Autochtone-2013-2014.xlsx,P01C01,01,colonne_fixe,176,176,ok
2013-2014,BD-AS-480-General-Autochtone-2013-2014.xlsx,P01C02,01,colonne_fixe,176,176,ok
2013-2014,BD-AS-480-General-Autochtone-2013-2014.xlsx,P01L12,01,ligne_fixe,64,64,ok
2013-2014,BD-AS-480-General-Autochtone-2013-2014.xlsx,P02,02,pleine,165,165,ok
2013-2014,BD-AS-480-General-Autochtone-2013-2014.xlsx,P03L01À09,03,plage,153,153,ok
2013-2014,BD-AS-480-General-Autochtone-2013-2014.xlsx,P03L10À14,03,plage,85,85,ok
2013-2014,BD-AS-480-General-Autochtone-2013-2014.xlsx,P04L01,04,ligne_fixe,119,119,ok
2013-2014,BD-AS-480-General-Autochtone-2013-2014.xlsx,P04L02,04,ligne_fixe,112,112,ok
2013-2014,BD-AS-480-General-Autochtone-2013-2014.xlsx,P04L03,04,ligne_fixe,112,112,ok
2013-2014,BD-AS-480-General-Autochtone-2013-2014.xlsx,P04L04,04,ligne_fixe,119,119,ok
2013-2014,BD-AS-480-General-Autochtone-2013-2014.xlsx,P04L05,04,ligne_fixe,112,112,ok
2013-2014,BD-AS-480-General-Autochtone-2013-2014.xlsx,P04L06,04,ligne_fixe,112,112,ok
2013-2014,BD-AS-480-General-Autochtone-2013-2014.xlsx,P04L07,04,ligne_fixe,112,112,ok
2013-2014,BD-AS-480-General-Autochtone-2013-2014.xlsx,P04L08,04,ligne_fixe,119,119,ok
2013-2014,BD-AS-480-General-Autochtone-2013-2014.xlsx,P04L09,04,ligne_fixe,119,119,ok
2013-2014,BD-AS-480-General-Autochtone-2013-2014.xlsx,P04L10,04,ligne_fixe,119,119,ok
2013-2014,BD-AS-480-General-Autochtone-2013-2014.xlsx,P04L11,04,ligne_fixe,119,119,ok
2013-2014,BD-AS-480-General-Autochtone-2013-2014.xlsx,P04L12,04,ligne_fixe,119,119,ok
2013-2014,BD-AS-480-General-Autochtone-2013-2014.xlsx,P04L13,04,ligne_fixe,119,119,ok
2013-2014,BD-AS-480-General-Autochtone-2013-2014.xlsx,P04L14,04,ligne_fixe,119,119,ok
2013-2014,BD-AS-480-General-Autochtone-2013-2014.xlsx,P05L01,05,ligne_fixe,128,128,ok
2013-2014,BD-AS-480-General-Autochtone-2013-2014.xlsx,P05L02,05,ligne_fixe,128,128,ok
2013-2014,BD-AS-480-General-Autochtone-2013-2014.xlsx,P05L03,05,ligne_fixe,128,128,ok
2013-2014,BD-AS-480-General-Autochtone-2013-2014.xlsx,P05L04,05,ligne_fixe,128,128,ok
2013-2014,BD-AS-480-General-Autochtone-2013-2014.xlsx,P05L05,05,ligne_fixe,128,128,ok
2013-2014,BD-AS-480-General-Autochtone-2013-2014.xlsx,P05L06,05,ligne_fixe,128,128,ok
2013-2014,BD-AS-480-General-Autochtone-2013-2014.xlsx,P05L07,05,ligne_fixe,128,128,ok
2013-2014,BD-AS-480-General-Autochtone-2013-2014.xlsx,P05L08,05,ligne_fixe,128,128,ok
2013-2014,BD-AS-480-General-Autochtone-2013-2014.xlsx,P05L09,05,ligne_fixe,128,128,ok
2013-2014,BD-AS-480-General-Autochtone-2013-2014.xlsx,P05L10,05,ligne_fixe,128,128,ok
2013-2014,BD-AS-480-General-Autochtone-2013-2014.xlsx,P05L11,05,ligne_fixe,128,128,ok
2013-2014,BD-AS-480-General-Autochtone-2013-2014.xlsx,P05L12,05,ligne_fixe,128,128,ok
2013-2014,BD-AS-480-General-Autochtone-2013-2014.xlsx,P05L13,05,ligne_fixe,128,128,ok
2013-2014,BD-AS-480-General-Autochtone-2013-2014.xlsx,P05L14,05,ligne_fixe,128,128,ok
2013-2014,BD-AS-480-General-Autochtone-2013-2014.xlsx,P05L15,05,ligne_fixe,128,128,ok
2013-2014,BD-AS-480-General-Autochtone-2013-2014.xlsx,P05L16,05,ligne_fixe,128,128,ok
2013-2014,BD-AS-480-General-Autochtone-2013-2014.xlsx,P05L17,05,ligne_fixe,128,128,ok
2013-2014,BD-AS-480-General-Autochtone-2013-2014.xlsx,P05L18,05,ligne_fixe,128,128,ok
2013-2014,BD-AS-480-General-Autochtone-2013-2014.xlsx,P05L19,05,ligne_fixe,128,128,ok
2013-2014,BD-AS-480-General-Autochtone-2013-2014.xlsx,P05L20,05,ligne_fixe,96,96,ok
2013-2014,BD-AS-480-General-Autochtone-2013-2014.xlsx,P05L21,05,ligne_fixe,96,96,ok
2013-2014,BD-AS-480-General-Autochtone-2013-2014.xlsx,P05L22,05,ligne_fixe,96,96,ok
2013-2014,BD-AS-480-General-Autochtone-2013-2014.xlsx,P06C01,06,colonne_fixe,240,240,ok
2013-2014,BD-AS-480-General-Autochtone-2013-2014.xlsx,P06C02,06,colonne_fixe,240,240,ok
2013-2014,BD-AS-480-General-Autochtone-2013-2014.xlsx,P06C03,06,colonne_fixe,240,240,ok
2013-2014,BD-AS-480-General-Autochtone-2013-2014.xlsx,P06C04,06,colonne_fixe,240,240,ok
2013-2014,BD-AS-480-General-Autochtone-2013-2014.xlsx,P06C05,06,colonne_fixe,240,240,ok
2013-2014,BD-AS-480-General-Autochtone-2013-2014.xlsx,P07L01,07,ligne_fixe,75,75,ok
2013-2014,BD-AS-480-General-Autochtone-2013-2014.xlsx,P07L02,07,ligne_fixe,75,75,ok
2013-2014,BD-AS-480-General-Autochtone-2013-2014.xlsx,P07L03,07,ligne_fixe,75,75,ok
2013-2014,BD-AS-480-General-Autochtone-2013-2014.xlsx,P07L04,07,ligne_fixe,75,75,ok
2013-2014,BD-AS-480-General-Autochtone-2013-2014.xlsx,P07L05,07,ligne_fixe,75,75,ok
2013-2014,BD-AS-480-General-Autochtone-2013-2014.xlsx,P07L06,07,ligne_fixe,75,75,ok
2013-2014,BD-AS-480-General-Autochtone-2013-2014.xlsx,P07L07,07,ligne_fixe,75,75,ok
2013-2014,BD-AS-480-General-Autochtone-2013-2014.xlsx,P07L08,07,ligne_fixe,75,75,ok
2013-2014,BD-AS-480-General-Autochtone-2013-2014.xlsx,P07L09,07,ligne_fixe,75,75,ok
2013-2014,BD-AS-480-General-Autochtone-2013-2014.xlsx,P07L10,07,ligne_fixe,75,75,ok
2013-2014,BD-AS-480-General-Autochtone-2013-2014.xlsx,P07L11,07,ligne_fixe,75,75,ok
2013-2014,BD-AS-480-General-Autochtone-2013-2014.xlsx,P07L12,07,ligne_fixe,75,75,ok
2013-2014,BD-AS-480-General-Autochtone-2013-2014.xlsx,P07L13,07,ligne_fixe,75,75,ok
2013-2014,BD-AS-480-General-Autochtone-2013-2014.xlsx,P07L14,07,ligne_fixe,105,105,ok
2013-2014,BD-AS-480-General-Autochtone-2013-2014.xlsx,P07L15,07,ligne_fixe,75,75,ok
2013-2014,BD-AS-480-General-Autochtone-2013-2014.xlsx,P07L16,07,ligne_fixe,75,75,ok
2013-2014,BD-AS-480-General-Autochtone-2013-2014.xlsx,P07L17,07,ligne_fixe,75,75,ok
2013-2014,BD-AS-480-General-Autochtone-2013-2014.xlsx,P07L18,07,ligne_fixe,75,75,ok
2013-2014,BD-AS-480-General-Autochtone-2013-2014.xlsx,P07L19,07,ligne_fixe,75,75,ok
2013-2014,BD-AS-480-General-Autochtone-2013-2014.xlsx,P07L20,07,ligne_fixe,75,75,ok
2013-2014,BD-AS-480-General-Autochtone-2013-2014.xlsx,P07L21,07,ligne_fixe,105,105,ok
2013-2014,BD-AS-480-General-Autochtone-2013-2014.xlsx,P07L22À27,07,plage,90,90,ok
2013-2014,BD-AS-480-General-Autochtone-2013-2014.xlsx,P08L01ET02,08,plage,32,32,ok
2013-2014,BD-AS-480-General-Autochtone-2013-2014.xlsx,P08L03À16,08,plage,224,224,ok
2013-2014,BD-AS-480-General-Autochtone-2013-2014.xlsx,P08L17À22,08,plage,96,96,ok
2013-2014,BD-AS-480-General-Autochtone-2013-2014.xlsx,P09L01À12,09,plage,192,192,ok
2013-2014,BD-AS-480-General-Autochtone-2013-2014.xlsx,P10L01,10,ligne_fixe,144,144,ok
2013-2014,BD-AS-480-General-Autochtone-2013-2014.xlsx,P10L02à06,10,plage,80,80,ok
2013-2014,BD-AS-480-General-Autochtone-2013-2014.xlsx,P11C01,11,colonne_fixe,224,224,ok
2013-2014,BD-AS-480-General-Autochtone-2013-2014.xlsx,P12C01,12,colonne_fixe,96,96,ok
2013-2014,BD-AS-480-General-Autochtone-2013-2014.xlsx,P12C02,12,colonne_fixe,128,128,ok
2013-2014,BD-AS-480-General-Autochtone-2013-2014.xlsx,P12C03,12,colonne_fixe,80,80,ok
2013-2014,BD-AS-480-General-Autochtone-2013-2014.xlsx,P12C04,12,colonne_fixe,80,80,ok
2013-2014,BD-AS-480-General-Autochtone-2013-2014.xlsx,P12C05,12,colonne_fixe,128,128,ok
2013-2014,BD-AS-480-General-Autochtone-2013-2014.xlsx,P13L01À03,13,plage,135,135,ok
2013-2014,BD-AS-480-General-Autochtone-2013-2014.xlsx,P13L04À06,13,plage,135,135,ok
2013-2014,BD-AS-480-General-Autochtone-2013-2014.xlsx,P13L07,13,ligne_fixe,45,45,ok
2013-2014,BD-AS-480-General-Autochtone-2013-2014.xlsx,P14L01ÀL05,14,plage,240,240,ok
2013-2014,BD-AS-480-General-Autochtone-2013-2014.xlsx,P14L06ÀL09,14,plage,64,64,ok
2013-2014,BD-AS-480-General-Autochtone-2013-2014.xlsx,P15C01,15,colonne_fixe,400,400,ok
2013-2014,BD-AS-480-General-Autochtone-2013-2014.xlsx,P15C02,15,colonne_fixe,400,400,ok
2013-2014,BD-AS-480-General-Autochtone-2013-2014.xlsx,P15C03,15,colonne_fixe,400,400,ok
2013-2014,BD-AS-480-General-Autochtone-2013-2014.xlsx,P15C04,15,colonne_fixe,400,400,ok
2013-2014,BD-AS-480-General-Autochtone-2013-2014.xlsx,P15C05,15,colonne_fixe,400,400,ok
2013-2014,BD-AS-480-General-Autochtone-2013-2014.xlsx,P15C06,15,colonne_fixe,400,400,ok
2013-2014,BD-AS-480-General-Autochtone-2013-2014.xlsx,P15C07,15,colonne_fixe,400,400,ok
2013-2014,BD-AS-480-General-Autochtone-2013-2014.xlsx,P15C08,15,colonne_fixe,432,432,ok
2013-2014,BD-AS-480-General-Autochtone-2013-2014.xlsx,P17L01,17,ligne_fixe,96,96,ok
2013-2014,BD-AS-480-General-Autochtone-2013-2014.xlsx,P17L02,17,ligne_fixe,96,96,ok
2013-2014,BD-AS-480-General-Autochtone-2013-2014.xlsx,P17L03,17,ligne_fixe,96,96,ok
2013-2014,BD-AS-480-General-Autochtone-2013-2014.xlsx,P17L04,17,ligne_fixe,96,96,ok
2013-2014,BD-AS-480-General-Autochtone-2013-2014.xlsx,P17L05,17,ligne_fixe,96,96,ok
2013-2014,BD-AS-480-General-Autochtone-2013-2014.xlsx,P17L06,17,ligne_fixe,96,96,ok
2013-2014,BD-AS-480-General-Autochtone-2013-2014.xlsx,P17L07,17,ligne_fixe,96,96,ok
2013-2014,BD-AS-480-General-Autochtone-2013-2014.xlsx,P17L08,17,ligne_fixe,96,96,ok
2013-2014,BD-AS-480-General-Autochtone-2013-2014.xlsx,P17L09,17,ligne_fixe,32,32,ok
2013-2014,BD-AS-480-General-Autochtone-2013-2014.xlsx,P17L10,17,ligne_fixe,96,96,ok
2013-2014,BD-AS-480-General-Autochtone-2013-2014.xlsx,P17L11,17,ligne_fixe,96,96,ok
2013-2014,BD-AS-480-General-Autochtone-2013-2014.xlsx,P17L12,17,ligne_fixe,96,96,ok
2013-2014,BD-AS-480-General-Autochtone-2013-2014.xlsx,P17L13,17,ligne_fixe,64,64,ok
2013-2014,BD-AS-480-General-Autochtone-2013-2014.xlsx,P17L14&15,17,plage,32,32,ok
2013-2014,BD-AS-480-General-Autochtone-2013-2014.xlsx,P18L01,18,ligne_fixe,90,90,ok
2013-2014,BD-AS-480-General-Autochtone-2013-2014.xlsx,P18L02,18,ligne_fixe,90,90,ok
2013-2014,BD-AS-480-General-Autochtone-2013-2014.xlsx,P18L03,18,ligne_fixe,90,90,ok
2013-2014,BD-AS-480-General-Autochtone-2013-2014.xlsx,P18L04,18,ligne_fixe,90,90,ok
2013-2014,BD-AS-480-General-Autochtone-2013-2014.xlsx,P18L05,18,ligne_fixe,90,90,ok
2013-2014,BD-AS-480-General-Autochtone-2013-2014.xlsx,P18L06,18,ligne_fixe,90,90,ok
