famille,fichier,chemin_relatif,exercice,format,taille_ko,metrique_type,metrique_valeur
Racine / divers,03-Contour-Financier-Depenses-prog-par-CA-2014-15.xlsx,03-Contour-Financier-Depenses-prog-par-CA-2014-15.xlsx,2014,xlsx,42.4,feuilles,1
Racine / divers,10-614-01.pdf,10-614-01.pdf,,pdf,227.0,,
Racine / divers,11-614-01F (1).pdf,11-614-01F (1).pdf,,pdf,644.6,,
Racine / divers,11-614-01F.pdf,11-614-01F.pdf,,pdf,644.6,,
Racine / divers,12-614-01F.pdf,12-614-01F.pdf,,pdf,706.2,,
Racine / divers,13-614-02F.pdf,13-614-02F.pdf,,pdf,495.8,,
Racine / divers,14-614-02F.pdf,14-614-02F.pdf,,pdf,1077.4,,
Racine / divers,15-614-01W.pdf,15-614-01W.pdf,,pdf,447.1,,
Racine / divers,16-614-01F.pdf,16-614-01F.pdf,,pdf,895.0,,
AS478,06_AS478-2010-11-FORMULAIRE.xls,Archives/AS478/2010-2011/06_AS478-2010-11-FORMULAIRE.xls,2010-2011,xls,1316.0,erreur,openpyxl does not support the old .xls f
AS478,06_AS478_C07_BDan2010_2011.zip,Archives/AS478/2010-2011/06_AS478_C07_BDan2010_2011.zip,2010-2011,zip,1611.0,membres,1
AS478,AS-478-Explications.pdf,Archives/AS478/2010-2011/AS-478-Explications.pdf,2010-2011,pdf,218.0,,
AS478,06_AS-478-2011-12-EXPLICATIONS.zip,Archives/AS478/2011-2012/06_AS-478-2011-12-EXPLICATIONS.zip,2011-2012,zip,399.6,membres,2
AS478,07_AS478-2011-12-FORMULAIRE.xls,Archives/AS478/2011-2012/07_AS478-2011-12-FORMULAIRE.xls,2011-2012,xls,1207.0,erreur,openpyxl does not support the old .xls f
AS478,07_AS47x_C07_BDan2011_2012.zip,Archives/AS478/2011-2012/07_AS47x_C07_BDan2011_2012.zip,2011-2012,zip,1413.9,membres,1
AS478,07_AS-478-2012-13-EXPLICATIONS.pdf,Archives/AS478/2012-2013/07_AS-478-2012-13-EXPLICATIONS.pdf,2012-2013,pdf,211.8,,
AS478,08_AS47x_C07_BDan2012_2013.zip,Archives/AS478/2012-2013/08_AS47x_C07_BDan2012_2013.zip,2012-2013,zip,1373.8,membres,1
AS478,AS-478-Formulaire_2012_2013.xls,Archives/AS478/2012-2013/AS-478-Formulaire_2012_2013.xls,2012-2013,xls,1206.5,erreur,openpyxl does not support the old .xls f
AS478,08_AS-478-2013-14-EXPLICATIONS.pdf,Archives/AS478/2013-2014/08_AS-478-2013-14-EXPLICATIONS.pdf,2013-2014,pdf,198.7,,
AS478,08_AS478-2013-14-FORMULAIRE.pdf,Archives/AS478/2013-2014/08_AS478-2013-14-FORMULAIRE.pdf,2013-2014,pdf,1624.6,,
AS478,09_AS478_C07_BDan2013_2014.zip,Archives/AS478/2013-2014/09_AS478_C07_BDan2013_2014.zip,2013-2014,zip,1354.3,membres,1
AS478,09_AS-478-2014-15-EXPLICATIONS.pdf,Archives/AS478/2014-2015/09_AS-478-2014-15-EXPLICATIONS.pdf,2014-2015,pdf,259.1,,
AS478,09_AS478-2014-15-FORMULAIRE.pdf,Archives/AS478/2014-2015/09_AS478-2014-15-FORMULAIRE.pdf,2014-2015,pdf,365.6,,
AS478,10_AS478_BD_2014_2015.zip,Archives/AS478/2014-2015/10_AS478_BD_2014_2015.zip,2014-2015,zip,1288.2,membres,1
AS478,AS478_2015-2016_11043312.pdf,Archives/AS478/2015-2016/AS478_2015-2016_11043312.pdf,2015-2016,pdf,1050.8,,
AS478,AS478_BD_2015_2016.zip,Archives/AS478/2015-2016/AS478_BD_2015_2016.zip,2015-2016,zip,1343.5,membres,1
AS478,AS478_2016-2017_11043312.pdf,Archives/AS478/2016-2017/AS478_2016-2017_11043312.pdf,2016-2017,pdf,767.2,,
AS478,AS478_BD_2016_2017.zip,Archives/AS478/2016-2017/AS478_BD_2016_2017.zip,2016-2017,zip,1362.9,membres,1
AS478,AS478_2017-2018_11043312.pdf,Archives/AS478/2017-2018/AS478_2017-2018_11043312.pdf,2017-2018,pdf,4897.3,,
AS478,AS478_BD_2017_2018.zip,Archives/AS478/2017-2018/AS478_BD_2017_2018.zip,2017-2018,zip,1401.1,membres,1
AS478,AS-478-2018-2019-11045119.pdf,Archives/AS478/2018-2019/AS-478-2018-2019-11045119.pdf,2018-2019,pdf,575.4,,
AS478,AS478_BD_2018_2019.csv,Archives/AS478/2018-2019/AS478_BD_2018_2019.csv,2018-2019,csv,17038.4,lignes,127143
AS478,AS-478-2019-2020-11045119.pdf,Archives/AS478/2019-2020/AS-478-2019-2020-11045119.pdf,2019-2020,pdf,11066.5,,
AS478,AS478_BD_2019_2020.csv,Archives/AS478/2019-2020/AS478_BD_2019_2020.csv,2019-2020,csv,12899.6,lignes,101863
AS478,AS-478-2020-2021-1104-5119.pdf,Archives/AS478/2020-2021/AS-478-2020-2021-1104-5119.pdf,2020-2021,pdf,577.7,,
AS478,AS478_BD_2020_2021.csv,Archives/AS478/2020-2021/AS478_BD_2020_2021.csv,2020-2021,csv,13170.5,lignes,97292
AS478,AS-478_2021-2022_01_11045119.pdf,Archives/AS478/2021-2022/AS-478_2021-2022_01_11045119.pdf,2021-2022,pdf,11421.7,,
AS478,AS478_BD_2021_2022.csv,Archives/AS478/2021-2022/AS478_BD_2021_2022.csv,2021-2022,csv,32674.6,lignes,244065
AS478,AS478_BD_2021_2022.zip,Archives/AS478/2021-2022/AS478_BD_2021_2022.zip,2021-2022,zip,2190.0,membres,1
AS478,AS-478_2022-2023_01_11045119.pdf,Archives/AS478/2022-2023/AS-478_2022-2023_01_11045119.pdf,2022-2023,pdf,24902.4,,
AS478,AS478_BD_2022_2023.csv,Archives/AS478/2022-2023/AS478_BD_2022_2023.csv,2022-2023,csv,32179.4,lignes,240369
AS480,AS-480-2010-11-General-Explications.pdf,Archives/AS480/2010-2111/AS-480-2010-11-General-Explications.pdf,2010,pdf,178.7,,
AS480,AS-480-CJ-general_autochtones-2010-2011-BD.xls,Archives/AS480/2010-2111/AS-480-CJ-general_autochtones-2010-2011-BD.xls,2010-2011,xls,6943.5,erreur,openpyxl does not support the old .xls f
AS480,AS-480-General-2010-2011-Formulaire.pdf,Archives/AS480/2010-2111/AS-480-General-2010-2011-Formulaire.pdf,2010-2011,pdf,118.7,,
AS480,AS-480-General-Autochtones-2010-11-BD.xls,Archives/AS480/2010-2111/AS-480-General-Autochtones-2010-11-BD.xls,2010,xls,6943.5,erreur,openpyxl does not support the old .xls f
AS480,Explications-AS-480A-2010-2011-Explications.pdf,Archives/AS480/2010-2111/Explications-AS-480A-2010-2011-Explications.pdf,2010-2011,pdf,148.9,,
AS480,Formulaire-autochtones-AS-480-2010-11.pdf,Archives/AS480/2010-2111/Formulaire-autochtones-AS-480-2010-11.pdf,2010,pdf,101.8,,
AS480,BD-AS-480-peoples-autochtones.xlsx,Archives/AS480/2011-2012/BD-AS-480-peoples-autochtones.xlsx,2011-2012,xlsx,1122.8,feuilles,135
AS480,BD-generale-et-peuples-autochtones-AS-480-CJ.xlsx,Archives/AS480/2011-2012/BD-generale-et-peuples-autochtones-AS-480-CJ.xlsx,2011-2012,xlsx,1122.8,feuilles,135
AS480,Explication-AS-480-2011-12-General.pdf,Archives/AS480/2011-2012/Explication-AS-480-2011-12-General.pdf,2011-2012,pdf,217.5,,
AS480,Explication-AS-480A-2011-201.pdf,Archives/AS480/2011-2012/Explication-AS-480A-2011-201.pdf,2011-2012,pdf,154.5,,
AS480,Formulaire-AS-480-A-peuples-autochtones.pdf,Archives/AS480/2011-2012/Formulaire-AS-480-A-peuples-autochtones.pdf,2011-2012,pdf,124.3,,
AS480,BD-AS-480-CJ-general_autochtones-2012-2013.xlsx,Archives/AS480/2012-2013/BD-AS-480-CJ-general_autochtones-2012-2013.xlsx,2012-2013,xlsx,1052.5,feuilles,135
AS480,Explication-AS-480G-2012-13.pdf,Archives/AS480/2012-2013/Explication-AS-480G-2012-13.pdf,2012-2013,pdf,185.9,,
AS480,ExplicationFormulaire-AS-480-General-2012-2013.pdf,Archives/AS480/2012-2013/ExplicationFormulaire-AS-480-General-2012-2013.pdf,2012-2013,pdf,128.1,,
AS480,Formulaire-AS-480-General-2012-2013.pdf,Archives/AS480/2012-2013/Formulaire-AS-480-General-2012-2013.pdf,2012-2013,pdf,128.1,,
AS480,Formulaire-AS-480A-2012-13.pdf,Archives/AS480/2012-2013/Formulaire-AS-480A-2012-13.pdf,2012-2013,pdf,128.6,,
AS480,AS-480A+G-2013-14-Formulaire.pdf,Archives/AS480/2013-2014/AS-480A+G-2013-14-Formulaire.pdf,2013-2014,pdf,105.3,,
AS480,BD-AS-480-General-Autochtone-2013-2014.xlsx,Archives/AS480/2013-2014/BD-AS-480-General-Autochtone-2013-2014.xlsx,2013-2014,xlsx,776.9,feuilles,115
AS480,BD-AS-480A-Autochtones-2014-15.zip,Archives/AS480/2014-2015/BD-AS-480A-Autochtones-2014-15.zip,2014-2015,zip,39.3,membres,1
AS480,BD-AS-480G-2014-15.zip,Archives/AS480/2014-2015/BD-AS-480G-2014-15.zip,2014-2015,zip,81.6,membres,1
AS480,Explication-AS-480A-2014-15.pdf,Archives/AS480/2014-2015/Explication-AS-480A-2014-15.pdf,2014-2015,pdf,281.5,,
AS480,Explication-AS-480G-2014-15.pdf,Archives/AS480/2014-2015/Explication-AS-480G-2014-15.pdf,2014-2015,pdf,145.5,,
AS480,Formulaire-AS-480A-2014-15.pdf,Archives/AS480/2014-2015/Formulaire-AS-480A-2014-15.pdf,2014-2015,pdf,162.0,,
AS480,Formulaire-AS-480G-2014-15.pdf,Archives/AS480/2014-2015/Formulaire-AS-480G-2014-15.pdf,2014-2015,pdf,177.6,,
AS480,Rapport-statistique-annuel-01_MSSS-ADONIS-AS-480-2014-2015_V1_0.zip,Archives/AS480/2014-2015/Rapport-statistique-annuel-01_MSSS-ADONIS-AS-480-2014-2015_V1_0.zip,2014-2015,zip,6364.4,membres,1
AS480,AS-480G_2015-2016_11042322.pdf,Archives/AS480/2015-2016/AS-480G_2015-2016_11042322.pdf,2015-2016,pdf,258.0,,
AS480,AS480A_BD_2015_2016.zip,Archives/AS480/2015-2016/AS480A_BD_2015_2016.zip,2015-2016,zip,32.2,membres,1
AS480,AS480G_BD_2015_2016.zip,Archives/AS480/2015-2016/AS480G_BD_2015_2016.zip,2015-2016,zip,71.1,membres,1
AS480,AS-480G_2016-2017_11042322.pdf,Archives/AS480/2016-2017/AS-480G_2016-2017_11042322.pdf,2016-2017,pdf,233.5,,
AS480,AS480A_BD_2016_2017.zip,Archives/AS480/2016-2017/AS480A_BD_2016_2017.zip,2016-2017,zip,25.0,membres,1
AS480,AS480G_BD_2016_2017.zip,Archives/AS480/2016-2017/AS480G_BD_2016_2017.zip,2016-2017,zip,58.8,membres,1
AS480,AS-480G_2017-2018_11042322.pdf,Archives/AS480/2017-2018/AS-480G_2017-2018_11042322.pdf,2017-2018,pdf,1144.9,,
AS480,AS480A_BD_2017_2018.zip,Archives/AS480/2017-2018/AS480A_BD_2017_2018.zip,2017-2018,zip,25.9,membres,1
AS480,AS480G_BD_2017_2018.zip,Archives/AS480/2017-2018/AS480G_BD_2017_2018.zip,2017-2018,zip,59.0,membres,1
AS480,AS-480G-2018-2019-11045119.pdf,Archives/AS480/2018-2019/AS-480G-2018-2019-11045119.pdf,2018-2019,pdf,68.6,,
AS480,AS480A_BD_2018_2019.csv,Archives/AS480/2018-2019/AS480A_BD_2018_2019.csv,2018-2019,csv,580.9,lignes,3443
AS480,AS480G_BD_2018_2019.csv,Archives/AS480/2018-2019/AS480G_BD_2018_2019.csv,2018-2019,csv,946.1,lignes,5586
AS480,AS-480G-2019-2020-11045119.pdf,Archives/AS480/2019-2020/AS-480G-2019-2020-11045119.pdf,2019-2020,pdf,636.8,,
AS480,AS480A_BD_2019_2020.csv,Archives/AS480/2019-2020/AS480A_BD_2019_2020.csv,2019-2020,csv,394.4,lignes,3077
AS480,AS480G_BD_2019_2020.csv,Archives/AS480/2019-2020/AS480G_BD_2019_2020.csv,2019-2020,csv,697.3,lignes,5382
AS480,AS-480G-2020-2021-11045119.pdf,Archives/AS480/2020-2021/AS-480G-2020-2021-11045119.pdf,2020-2021,pdf,648.3,,
AS480,AS480A_BD_2020_2021.csv,Archives/AS480/2020-2021/AS480A_BD_2020_2021.csv,2020-2021,csv,360.1,lignes,2807
AS480,AS480G_BD_2020_2021.csv,Archives/AS480/2020-2021/AS480G_BD_2020_2021.csv,2020-2021,csv,672.5,lignes,5201
AS480,AS-480G_2021-2022_01_11045119.pdf,Archives/AS480/2021-2022/AS-480G_2021-2022_01_11045119.pdf,2021-2022,pdf,723.6,,
AS480,AS480A_BD_2022-09-12.csv,Archives/AS480/2021-2022/AS480A_BD_2022-09-12.csv,2021-2022,csv,389.0,lignes,2960
AS480,AS480G_BD_2022-09-12.csv,Archives/AS480/2021-2022/AS480G_BD_2022-09-12.csv,2021-2022,csv,676.4,lignes,5119
AS480,AS-480G_2022-2023_01_11045119.pdf,Archives/AS480/2022-2023/AS-480G_2022-2023_01_11045119.pdf,2022-2023,pdf,2184.0,,
AS480,AS480A_BD_2022_2023.csv,Archives/AS480/2022-2023/AS480A_BD_2022_2023.csv,2022-2023,csv,402.9,lignes,3063
AS480,AS480G_BD_2022_2023.csv,Archives/AS480/2022-2023/AS480G_BD_2022_2023.csv,2022-2023,csv,695.1,lignes,5235
AS481,BD-AS-481-2010-11.pdf,Archives/AS481/2010-2011/BD-AS-481-2010-11.pdf,2010-2011,pdf,132.6,,
AS481,Explication-Formul-AS-481-2010-11.pdf,Archives/AS481/2010-2011/Explication-Formul-AS-481-2010-11.pdf,2010-2011,pdf,91.8,,
AS481,FORMULAIRE-AS-481-2010-11.pdf,Archives/AS481/2010-2011/FORMULAIRE-AS-481-2010-11.pdf,2010-2011,pdf,107.3,,
AS481,BD-AS-481-2011-12.csv,Archives/AS481/2011-2012/BD-AS-481-2011-12.csv,2011-2012,csv,798.5,lignes,3447
AS481,Explication-AS-481-2011-12.pdf,Archives/AS481/2011-2012/Explication-AS-481-2011-12.pdf,2011-2012,pdf,72.7,,
AS481,FORMULAIRE-AS-481-2011-12.pdf,Archives/AS481/2011-2012/FORMULAIRE-AS-481-2011-12.pdf,2011-2012,pdf,104.6,,
AS481,BD-AS-481-2012-13.csv,Archives/AS481/2012-2013/BD-AS-481-2012-13.csv,2012-2013,csv,672.3,lignes,2875
AS481,Explication-AS-481-2012-13-Formul.pdf,Archives/AS481/2012-2013/Explication-AS-481-2012-13-Formul.pdf,2012-2013,pdf,70.0,,
AS481,FORMULAIRE-AS-481-2012-13.pdf,Archives/AS481/2012-2013/FORMULAIRE-AS-481-2012-13.pdf,2012-2013,pdf,356.5,,
AS481,AS-481-2013-14-BD.zip,Archives/AS481/2013-2014/AS-481-2013-14-BD.zip,2013-2014,zip,33.1,membres,1
AS481,Explication-AS-481-2013-14-Formul.pdf,Archives/AS481/2013-2014/Explication-AS-481-2013-14-Formul.pdf,2013-2014,pdf,50.7,,
AS481,FORMULAIRE-AS-481-2013-14.pdf,Archives/AS481/2013-2014/FORMULAIRE-AS-481-2013-14.pdf,2013-2014,pdf,1728.3,,
AS481,AS-481-2014-15-BD.zip,Archives/AS481/2014-2015/AS-481-2014-15-BD.zip,2014-2015,zip,27.6,membres,1
AS481,Explication-Formul-AS-481-2014-1.pdf,Archives/AS481/2014-2015/Explication-Formul-AS-481-2014-1.pdf,2014-2015,pdf,78.2,,
AS481,FORMULAIRE-AS-481-2014-15.pdf,Archives/AS481/2014-2015/FORMULAIRE-AS-481-2014-15.pdf,2014-2015,pdf,86.4,,
AS481,AS-481_2015-2016_11044104.pdf,Archives/AS481/2015-2016/AS-481_2015-2016_11044104.pdf,2015-2016,pdf,144.9,,
AS481,AS481_BD_2015_2016.zip,Archives/AS481/2015-2016/AS481_BD_2015_2016.zip,2015-2016,zip,28.1,membres,1
AS481,AS-481_2016-2017_11044104.pdf,Archives/AS481/2016-2017/AS-481_2016-2017_11044104.pdf,2016-2017,pdf,237.6,,
AS481,AS481_BD_2016_2017.zip,Archives/AS481/2016-2017/AS481_BD_2016_2017.zip,2016-2017,zip,31.3,membres,1
AS481,AS-481_2017-2018_11044104.pdf,Archives/AS481/2017-2018/AS-481_2017-2018_11044104.pdf,2017-2018,pdf,891.4,,
AS481,AS481_BD_2017_2018.zip,Archives/AS481/2017-2018/AS481_BD_2017_2018.zip,2017-2018,zip,34.2,membres,1
AS481,AS-481-2018-2019-11045119.pdf,Archives/AS481/2018-2019/AS-481-2018-2019-11045119.pdf,2018-2019,pdf,80.2,,
AS481,AS481_BD_2018_2019.csv,Archives/AS481/2018-2019/AS481_BD_2018_2019.csv,2018-2019,csv,730.4,lignes,4396
AS481,AS-481-2019-2020-11045119.pdf,Archives/AS481/2019-2020/AS-481-2019-2020-11045119.pdf,2019-2020,pdf,73.6,,
AS481,AS481_BD_2019_2020.csv,Archives/AS481/2019-2020/AS481_BD_2019_2020.csv,2019-2020,csv,550.2,lignes,4259
AS481,AS-481-2020-2021-11045119.pdf,Archives/AS481/2020-2021/AS-481-2020-2021-11045119.pdf,2020-2021,pdf,725.4,,
AS481,AS481_BD_2020_2021.csv,Archives/AS481/2020-2021/AS481_BD_2020_2021.csv,2020-2021,csv,520.3,lignes,4057
AS481,AS-481_2021-2022_01_11045119.pdf,Archives/AS481/2021-2022/AS-481_2021-2022_01_11045119.pdf,2021-2022,pdf,730.8,,
AS481,AS481_BD_2022-09-12.csv,Archives/AS481/2021-2022/AS481_BD_2022-09-12.csv,2021-2022,csv,596.6,lignes,4596
AS481,AS-481_2022-2023_01_11045119.pdf,Archives/AS481/2022-2023/AS-481_2022-2023_01_11045119.pdf,2022-2023,pdf,1318.5,,
AS481,AS481_BD_2022_2023.csv,Archives/AS481/2022-2023/AS481_BD_2022_2023.csv,2022-2023,csv,575.3,lignes,4398
AS484,AS-484-2010-11-BD.zip,Archives/AS484/2010-2011/AS-484-2010-11-BD.zip,2010-2011,zip,169.3,membres,1
AS484,AS-484-2010-11-EXPLICATIONS.pdf,Archives/AS484/2010-2011/AS-484-2010-11-EXPLICATIONS.pdf,2010-2011,pdf,132.3,,
AS484,AS-484-2010-11-FORMULAIRE.pdf,Archives/AS484/2010-2011/AS-484-2010-11-FORMULAIRE.pdf,2010-2011,pdf,338.6,,
AS484,AS-484-2011-12-BD.csv,Archives/AS484/2011-2012/AS-484-2011-12-BD.csv,2011-2012,csv,4436.5,lignes,19657
AS484,AS-484-2011-12-EXPLICATIONS.pdf,Archives/AS484/2011-2012/AS-484-2011-12-EXPLICATIONS.pdf,2011-2012,pdf,133.5,,
AS484,AS-484-2011-12-FORMULAIRE.pdf,Archives/AS484/2011-2012/AS-484-2011-12-FORMULAIRE.pdf,2011-2012,pdf,340.3,,
AS484,AS-484-2012-13-BD.csv,Archives/AS484/2012-2013/AS-484-2012-13-BD.csv,2012-2013,csv,3794.7,lignes,16798
AS484,AS-484-2012-13-EXPLICATIONS.pdf,Archives/AS484/2012-2013/AS-484-2012-13-EXPLICATIONS.pdf,2012-2013,pdf,129.3,,
AS484,AS-484-2012-13-FORMULAIRE.pdf,Archives/AS484/2012-2013/AS-484-2012-13-FORMULAIRE.pdf,2012-2013,pdf,1144.1,,
AS484,AS-484-2013-14-BD.zip,Archives/AS484/2013-2014/AS-484-2013-14-BD.zip,2013-2014,zip,464.2,membres,1
AS484,AS-484-2013-14-EXPLICATIONS.pdf,Archives/AS484/2013-2014/AS-484-2013-14-EXPLICATIONS.pdf,2013-2014,pdf,138.1,,
AS484,AS-484-2013-14-FORMULAIRE.pdf,Archives/AS484/2013-2014/AS-484-2013-14-FORMULAIRE.pdf,2013-2014,pdf,1451.2,,
AS484,AS-484-2014-15-BD.zip,Archives/AS484/2014-2015/AS-484-2014-15-BD.zip,2014-2015,zip,214.8,membres,1
AS484,AS-484-2014-15-EXPLICATIONS.pdf,Archives/AS484/2014-2015/AS-484-2014-15-EXPLICATIONS.pdf,2014-2015,pdf,257.3,,
AS484,AS-484-2014-15-FORMULAIRE.pdf,Archives/AS484/2014-2015/AS-484-2014-15-FORMULAIRE.pdf,2014-2015,pdf,2995.1,,
AS484,AS-484_2015-2016_11042900.pdf,Archives/AS484/2015-2016/AS-484_2015-2016_11042900.pdf,2015-2016,pdf,1009.2,,
AS484,AS484_BD_2015_2016.zip,Archives/AS484/2015-2016/AS484_BD_2015_2016.zip,2015-2016,zip,280.9,membres,1
AS484,AS-484_2016-2017_12694659.pdf,Archives/AS484/2016-2017/AS-484_2016-2017_12694659.pdf,2016-2017,pdf,801.4,,
AS484,AS484_BD_2016_2017.zip,Archives/AS484/2016-2017/AS484_BD_2016_2017.zip,2016-2017,zip,276.9,membres,1
AS484,AS-484_2017-2018_11043833.pdf,Archives/AS484/2017-2018/AS-484_2017-2018_11043833.pdf,2017-2018,pdf,954.7,,
AS484,AS484_BD_2017-2018.zip,Archives/AS484/2017-2018/AS484_BD_2017-2018.zip,2017-2018,zip,262.9,membres,1
AS484,AS-484-2018-2019-11045119.pdf,Archives/AS484/2018-2019/AS-484-2018-2019-11045119.pdf,2018-2019,pdf,343.8,,
AS484,AS484_BD_2018_2019.csv,Archives/AS484/2018-2019/AS484_BD_2018_2019.csv,2018-2019,csv,4746.1,lignes,27658
AS484,AS-484-2019-2020-11045119.pdf,Archives/AS484/2019-2020/AS-484-2019-2020-11045119.pdf,2019-2020,pdf,7064.5,,
AS484,AS484_BD_2019_2020.csv,Archives/AS484/2019-2020/AS484_BD_2019_2020.csv,2019-2020,csv,3835.1,lignes,29083
AS484,AS-484-2020-2021-11045119.pdf,Archives/AS484/2020-2021/AS-484-2020-2021-11045119.pdf,2020-2021,pdf,342.7,,
AS484,AS484_BD_2020_2021.csv,Archives/AS484/2020-2021/AS484_BD_2020_2021.csv,2020-2021,csv,4012.6,lignes,30359
AS484,AS-484_2021-2022_01_11045119.pdf,Archives/AS484/2021-2022/AS-484_2021-2022_01_11045119.pdf,2021-2022,pdf,7116.8,,
AS484,AS484_BD_2021_2022.csv,Archives/AS484/2021-2022/AS484_BD_2021_2022.csv,2021-2022,csv,3810.4,lignes,28696
AS484,AS-484_2022-2023_01_11045119.pdf,Archives/AS484/2022-2023/AS-484_2022-2023_01_11045119.pdf,2022-2023,pdf,9612.3,,
AS484,AS484_BD_2022_2023.csv,Archives/AS484/2022-2023/AS484_BD_2022_2023.csv,2022-2023,csv,3900.4,lignes,29245
AS485,AS-485-2010-11-BD(1).zip,Archives/AS485/2010-2011/AS-485-2010-11-BD(1).zip,2010-2011,zip,298.3,membres,1
AS485,AS-485-2010-11-EXPLICATIONS.pdf,Archives/AS485/2010-2011/AS-485-2010-11-EXPLICATIONS.pdf,2010-2011,pdf,103.7,,
AS485,AS-485-2010-11-FORMULAIRE.pdf,Archives/AS485/2010-2011/AS-485-2010-11-FORMULAIRE.pdf,2010-2011,pdf,202.4,,
AS485,AS-485-2011-12-BD.csv,Archives/AS485/2011-2012/AS-485-2011-12-BD.csv,2011-2012,csv,7659.2,lignes,34696
AS485,AS-485-2011-12-EXPLICATIONS.pdf,Archives/AS485/2011-2012/AS-485-2011-12-EXPLICATIONS.pdf,2011-2012,pdf,85.3,,
AS485,AS-485-2011-12-FORMULAIRE.pdf,Archives/AS485/2011-2012/AS-485-2011-12-FORMULAIRE.pdf,2011-2012,pdf,189.5,,
AS485,AS-485-2012-13-BD.zip,Archives/AS485/2012-2013/AS-485-2012-13-BD.zip,2012-2013,zip,244.5,membres,1
AS485,AS-485-2012-13-EXPLICATIONS.pdf,Archives/AS485/2012-2013/AS-485-2012-13-EXPLICATIONS.pdf,2012-2013,pdf,84.7,,
AS485,AS-485-2012-13-FORMULAIRE.pdf,Archives/AS485/2012-2013/AS-485-2012-13-FORMULAIRE.pdf,2012-2013,pdf,1940.2,,
AS485,AS-485-2013-14-BD.csv,Archives/AS485/2013-2014/AS-485-2013-14-BD.csv,2013-2014,csv,5112.5,lignes,25261
AS485,AS-485-2013-14-EXPLICATIONS.pdf,Archives/AS485/2013-2014/AS-485-2013-14-EXPLICATIONS.pdf,2013-2014,pdf,149.2,,
AS485,AS-485-2013-14-FORMULAIRE.pdf,Archives/AS485/2013-2014/AS-485-2013-14-FORMULAIRE.pdf,2013-2014,pdf,1136.4,,
AS485,AS-485-2014-15-BD.csv,Archives/AS485/2014-2015/AS-485-2014-15-BD.csv,2014-2015,csv,5341.3,lignes,26605
AS485,AS-485-2014-15-EXPLICATIONS.pdf,Archives/AS485/2014-2015/AS-485-2014-15-EXPLICATIONS.pdf,2014-2015,pdf,273.5,,
AS485,AS-485-2014-15-FORMULAIRE.pdf,Archives/AS485/2014-2015/AS-485-2014-15-FORMULAIRE.pdf,2014-2015,pdf,325.5,,
AS485,AS-485-2014-2015-11042579-CENTRE-DE-READAPTATION-LA-MYRIADE.pdf,Archives/AS485/2014-2015/AS-485-2014-2015-11042579-CENTRE-DE-READAPTATION-LA-MYRIADE.pdf,2014-2015,pdf,410.2,,
AS485,AS-485-2014-2015-11042819-CENTRE-DE-PROTECTION-ET-DE-READAPTATION-DE-LA-COTE-NORD.pdf,Archives/AS485/2014-2015/AS-485-2014-2015-11042819-CENTRE-DE-PROTECTION-ET-DE-READAPTATION-DE-LA-COTE-NORD.pdf,2014-2015,pdf,407.6,,
AS485,AS-485-2014-2015-11042983-CRDITED-DE-LA-MONTEREGIE-EST.pdf,Archives/AS485/2014-2015/AS-485-2014-2015-11042983-CRDITED-DE-LA-MONTEREGIE-EST.pdf,2014-2015,pdf,418.5,,
AS485,AS-485-2014-2015-11043205-LES-SERVICES-DE-READAPTATION-DU-SUD-OUEST-ET-DU-RENFORT.pdf,Archives/AS485/2014-2015/AS-485-2014-2015-11043205-LES-SERVICES-DE-READAPTATION-DU-SUD-OUEST-ET-DU-RENFORT.pdf,2014-2015,pdf,413.1,,
AS485,AS-485-2014-2015-11043585-CRDITED-DU-SAGUENAY-LAC-SAINT-JEAN.pdf,Archives/AS485/2014-2015/AS-485-2014-2015-11043585-CRDITED-DU-SAGUENAY-LAC-SAINT-JEAN.pdf,2014-2015,pdf,414.0,,
AS485,AS-485-2014-2015-11043742-CRDITED-DE-CHAUDIERE-APPALACHES.pdf,Archives/AS485/2014-2015/AS-485-2014-2015-11043742-CRDITED-DE-CHAUDIERE-APPALACHES.pdf,2014-2015,pdf,412.0,,
AS485,AS-485-2014-2015-11043908-CR-EN-DEFICIENCE-INTELLECTUELLE-DE-QUEBEC.pdf,Archives/AS485/2014-2015/AS-485-2014-2015-11043908-CR-EN-DEFICIENCE-INTELLECTUELLE-DE-QUEBEC.pdf,2014-2015,pdf,414.8,,
AS485,AS-485-2014-2015-11044054-CRDITED-DU-BAS-SAINT-LAURENT.pdf,Archives/AS485/2014-2015/AS-485-2014-2015-11044054-CRDITED-DU-BAS-SAINT-LAURENT.pdf,2014-2015,pdf,412.7,,
AS485,AS-485-2014-2015-11044088-CSSS-DES-ILES.pdf,Archives/AS485/2014-2015/AS-485-2014-2015-11044088-CSSS-DES-ILES.pdf,2014-2015,pdf,410.2,,
AS485,AS-485-2014-2015-11044336-CSSS-DE-CHARLEVOIX.pdf,Archives/AS485/2014-2015/AS-485-2014-2015-11044336-CSSS-DE-CHARLEVOIX.pdf,2014-2015,pdf,410.1,,
AS485,AS-485-2014-2015-11044922-CRDITED-DE-MONTREAL.pdf,Archives/AS485/2014-2015/AS-485-2014-2015-11044922-CRDITED-DE-MONTREAL.pdf,2014-2015,pdf,417.3,,
AS485,AS-485-2014-2015-12114922-ATELIER-LE-FIL-D-ARIANE.pdf,Archives/AS485/2014-2015/AS-485-2014-2015-12114922-ATELIER-LE-FIL-D-ARIANE.pdf,2014-2015,pdf,404.8,,
AS485,AS-485-2014-2015-12469490-CLAIR-FOYER.pdf,Archives/AS485/2014-2015/AS-485-2014-2015-12469490-CLAIR-FOYER.pdf,2014-2015,pdf,410.6,,
AS485,AS-485-2014-2015-12526240-CRDITED-DE-LA-MAURICIE-ET-DU-CENTRE-DU-QUEBEC-IU.pdf,Archives/AS485/2014-2015/AS-485-2014-2015-12526240-CRDITED-DE-LA-MAURICIE-ET-DU-CENTRE-DU-QUEBEC-IU.pdf,2014-2015,pdf,417.1,,
AS485,AS-485-2014-2015-12536637-CRDITED-DE-L-ESTRIE.pdf,Archives/AS485/2014-2015/AS-485-2014-2015-12536637-CRDITED-DE-L-ESTRIE.pdf,2014-2015,pdf,410.5,,
AS485,AS-485-2014-2015-12549952-CENTRE-READAPTATION-ESTRIE.pdf,Archives/AS485/2014-2015/AS-485-2014-2015-12549952-CENTRE-READAPTATION-ESTRIE.pdf,2014-2015,pdf,407.8,,
AS485,AS-485-2014-2015-12582292-CENTRE-MIRIAM.pdf,Archives/AS485/2014-2015/AS-485-2014-2015-12582292-CENTRE-MIRIAM.pdf,2014-2015,pdf,410.9,,
AS485,AS-485-2014-2015-12777694-CENTRE-DE-READAPTATION-LA-MAISON.pdf,Archives/AS485/2014-2015/AS-485-2014-2015-12777694-CENTRE-DE-READAPTATION-LA-MAISON.pdf,2014-2015,pdf,407.9,,
AS485,AS-485-2014-2015-12788907-PAVILLON-DU-PARC.pdf,Archives/AS485/2014-2015/AS-485-2014-2015-12788907-PAVILLON-DU-PARC.pdf,2014-2015,pdf,410.4,,
AS485,AS-485-2014-2015-12979662-PAVILLON-STE-MARIE.pdf,Archives/AS485/2014-2015/AS-485-2014-2015-12979662-PAVILLON-STE-MARIE.pdf,2014-2015,pdf,407.3,,
AS485,AS-485-2014-2015-13080791-CENTRE-DE-READAPTATION-DE-L-OUEST-DE-MONTREAL.pdf,Archives/AS485/2014-2015/AS-485-2014-2015-13080791-CENTRE-DE-READAPTATION-DE-L-OUEST-DE-MONTREAL.pdf,2014-2015,pdf,413.1,,
AS485,AS-485-2014-2015-21491667-CRDITED-DE-LAVAL.pdf,Archives/AS485/2014-2015/AS-485-2014-2015-21491667-CRDITED-DE-LAVAL.pdf,2014-2015,pdf,410.4,,
AS485,AS-485-2014-2015-21491725-CENTRE-DU-FLORES.pdf,Archives/AS485/2014-2015/AS-485-2014-2015-21491725-CENTRE-DU-FLORES.pdf,2014-2015,pdf,412.5,,
AS485,AS-485-2014-2015-29732203-LE-CENTRE-DE-READAPTATION-DE-LA-GASPESIE.pdf,Archives/AS485/2014-2015/AS-485-2014-2015-29732203-LE-CENTRE-DE-READAPTATION-DE-LA-GASPESIE.pdf,2014-2015,pdf,409.5,,
AS485,AS485_BD_2015_2016.zip,Archives/AS485/2015-2016/AS485_BD_2015_2016.zip,2015-2016,zip,284.6,membres,1
AS485,AS485_BD_2016_2017.zip,Archives/AS485/2016-2017/AS485_BD_2016_2017.zip,2016-2017,zip,271.2,membres,1
AS485,AS485_BD_2017_2018.zip,Archives/AS485/2017-2018/AS485_BD_2017_2018.zip,2017-2018,zip,264.2,membres,1
AS485,AS485_BD_2018_2019.csv,Archives/AS485/2018-2019/AS485_BD_2018_2019.csv,2018-2019,csv,4270.9,lignes,24777
AS485,AS485_BD_2019_2020.csv,Archives/AS485/2019-2020/AS485_BD_2019_2020.csv,2019-2020,csv,3429.4,lignes,26117
AS485,AS485_BD_2020_2021.csv,Archives/AS485/2020-2021/AS485_BD_2020_2021.csv,2020-2021,csv,3141.1,lignes,23869
AS485,AS485_BD_2022-09-12.csv,Archives/AS485/2021-2022/AS485_BD_2022-09-12.csv,2021-2022,csv,3263.0,lignes,24519
AS485,AS-485_2022-2023_01_11045119.pdf,Archives/AS485/2022-2023/AS-485_2022-2023_01_11045119.pdf,2022-2023,pdf,6798.8,,
AS485,AS485_BD_2022_2023.csv,Archives/AS485/2022-2023/AS485_BD_2022_2023.csv,2022-2023,csv,3203.3,lignes,23987
Contours financiers,Depenses-de-services-a-domicile-par-programme-et-par-region-2013-2014.xlsx,Archives/Contours financiers/2013-2014/Depenses-de-services-a-domicile-par-programme-et-par-region-2013-2014.xlsx,2013-2014,xlsx,28.7,feuilles,1
Contours financiers,Depenses-par-programme-et-par-centre-dactivites-2013-2014(2).xlsx,Archives/Contours financiers/2013-2014/Depenses-par-programme-et-par-centre-dactivites-2013-2014(2).xlsx,2013-2014,xlsx,44.4,feuilles,1
Contours financiers,Depenses-par-programme-et-par-region-2013-2014(1).xlsx,Archives/Contours financiers/2013-2014/Depenses-par-programme-et-par-region-2013-2014(1).xlsx,2013-2014,xlsx,25.3,feuilles,1
Contours financiers,Matrice-methodologique-Documentation-2013-2014.doc,Archives/Contours financiers/2013-2014/Matrice-methodologique-Documentation-2013-2014.doc,2013-2014,doc,59.0,,
Contours financiers,Matrice-methodologique-Resultats-2013-2014.xlsx,Archives/Contours financiers/2013-2014/Matrice-methodologique-Resultats-2013-2014.xlsx,2013-2014,xlsx,54.5,feuilles,3
Contours financiers,SAD-par-Ca-201314.xlsx,Archives/Contours financiers/2013-2014/SAD-par-Ca-201314.xlsx,2013-2014,xlsx,19.6,feuilles,1
Contours financiers,01-Contour-Financier-SAD-par-CA-2014-15.xlsx,Archives/Contours financiers/2014-2015/01-Contour-Financier-SAD-par-CA-2014-15.xlsx,2014-2015,xlsx,20.4,feuilles,1
Contours financiers,03-Contour-Financier-Depenses-prog-par-CA-2014-15(1).xlsx,Archives/Contours financiers/2014-2015/03-Contour-Financier-Depenses-prog-par-CA-2014-15(1).xlsx,2014-2015,xlsx,44.8,feuilles,1
Contours financiers,04-Contour-Financier-Depenses-prog-Regions-2014-15.xlsx,Archives/Contours financiers/2014-2015/04-Contour-Financier-Depenses-prog-Regions-2014-15.xlsx,2014-2015,xlsx,25.2,feuilles,1
Contours financiers,05-Contour-Financier-Matrice-methodologique-2014-15.doc,Archives/Contours financiers/2014-2015/05-Contour-Financier-Matrice-methodologique-2014-15.doc,2014-2015,doc,52.5,,
Contours financiers,06-Contour-Financier-SAD-par-prog-et-region-2014-15.xlsx,Archives/Contours financiers/2014-2015/06-Contour-Financier-SAD-par-prog-et-region-2014-15.xlsx,2014-2015,xlsx,31.9,feuilles,1
Contours financiers,07-Contour-Financier-Matrice-methodologique-Contour-2014-15.xlsx,Archives/Contours financiers/2014-2015/07-Contour-Financier-Matrice-methodologique-Contour-2014-15.xlsx,2014-2015,xlsx,54.3,feuilles,3
Contours financiers,Depenses_de_services_a_domicile_par_centre_d-activites_et_par_region_1516.xlsx,Archives/Contours financiers/2015-2016/Depenses_de_services_a_domicile_par_centre_d-activites_et_par_region_1516.xlsx,2015-2016,xlsx,20.8,feuilles,1
Contours financiers,Depenses_de_services_a_domicile_par_programme_et_par_region_1516.xlsx,Archives/Contours financiers/2015-2016/Depenses_de_services_a_domicile_par_programme_et_par_region_1516.xlsx,2015-2016,xlsx,31.9,feuilles,1
Contours financiers,Depenses_par_programme_et_par_centre_d-activites_1516(1).xlsx,Archives/Contours financiers/2015-2016/Depenses_par_programme_et_par_centre_d-activites_1516(1).xlsx,2015-2016,xlsx,47.4,feuilles,1
Contours financiers,Depenses_par_programme_et_par_regions_1516.xlsx,Archives/Contours financiers/2015-2016/Depenses_par_programme_et_par_regions_1516.xlsx,2015-2016,xlsx,26.5,feuilles,1
Contours financiers,depenses-de-services-a-domicile-par-CA-et-par-region-1617.xlsx,Archives/Contours financiers/2016-2017/depenses-de-services-a-domicile-par-CA-et-par-region-1617.xlsx,2016-2017,xlsx,20.3,feuilles,1
Contours financiers,depenses-de-services-a-domicile-par-programme-et-par-region-1617.xlsx,Archives/Contours financiers/2016-2017/depenses-de-services-a-domicile-par-programme-et-par-region-1617.xlsx,2016-2017,xlsx,18.4,feuilles,1
Contours financiers,depenses-par-programme-et-par-centre-dactvites-1617(1).xlsx,Archives/Contours financiers/2016-2017/depenses-par-programme-et-par-centre-dactvites-1617(1).xlsx,2016-2017,xlsx,46.0,feuilles,1
Contours financiers,depenses-par-programme-et-par-region-1617.xlsx,Archives/Contours financiers/2016-2017/depenses-par-programme-et-par-region-1617.xlsx,2016-2017,xlsx,24.5,feuilles,1
Contours financiers,depenses-de-services-a-domicile-par-CA-et-par-region-1718.xlsx,Archives/Contours financiers/2017-2018/depenses-de-services-a-domicile-par-CA-et-par-region-1718.xlsx,2017-2018,xlsx,21.4,feuilles,1
Contours financiers,depenses-de-services-a-domicile-par-programme-et-par-region-1718.xlsx,Archives/Contours financiers/2017-2018/depenses-de-services-a-domicile-par-programme-et-par-region-1718.xlsx,2017-2018,xlsx,19.6,feuilles,1
Contours financiers,depenses-par-programme-et-par-centre-dactivites-1718(1).xlsx,Archives/Contours financiers/2017-2018/depenses-par-programme-et-par-centre-dactivites-1718(1).xlsx,2017-2018,xlsx,45.6,feuilles,1
Contours financiers,depenses-par-programme-et-par-region-1718.xlsx,Archives/Contours financiers/2017-2018/depenses-par-programme-et-par-region-1718.xlsx,2017-2018,xlsx,19.2,feuilles,1
Contours financiers,depenses-de-services-a-domicile-par-CA-et-par-region-1819.xlsx,Archives/Contours financiers/2018-2019/depenses-de-services-a-domicile-par-CA-et-par-region-1819.xlsx,2018-2019,xlsx,21.0,feuilles,1
Contours financiers,depenses-de-services-a-domicile-par-programme-et-par-region-1819.xlsx,Archives/Contours financiers/2018-2019/depenses-de-services-a-domicile-par-programme-et-par-region-1819.xlsx,2018-2019,xlsx,18.9,feuilles,1
Contours financiers,depenses-par-programme-et-par-centre-dactivites-1819(1).xlsx,Archives/Contours financiers/2018-2019/depenses-par-programme-et-par-centre-dactivites-1819(1).xlsx,2018-2019,xlsx,44.4,feuilles,1
Contours financiers,depenses-par-programme-et-par-region-1819.xlsx,Archives/Contours financiers/2018-2019/depenses-par-programme-et-par-region-1819.xlsx,2018-2019,xlsx,21.0,feuilles,1
Contours financiers,depenses-de-services-a-domicile-par-CA-et-par-region-1920.xlsx,Archives/Contours financiers/2019-2020/depenses-de-services-a-domicile-par-CA-et-par-region-1920.xlsx,2019-2020,xlsx,27.9,feuilles,1
Contours financiers,depenses-de-services-a-domicile-par-programme-et-par-region-1920.xlsx,Archives/Contours financiers/2019-2020/depenses-de-services-a-domicile-par-programme-et-par-region-1920.xlsx,2019-2020,xlsx,26.7,feuilles,1
Contours financiers,depenses-par-programme-et-par-centre-dactivites-1920.xlsx,Archives/Contours financiers/2019-2020/depenses-par-programme-et-par-centre-dactivites-1920.xlsx,2019-2020,xlsx,50.1,feuilles,1
Contours financiers,depenses-par-programme-et-par-region-1920.xlsx,Archives/Contours financiers/2019-2020/depenses-par-programme-et-par-region-1920.xlsx,2019-2020,xlsx,20.9,feuilles,1
Contours financiers,depenses-de-services-a-domicile-par-CA-et-par-region-2021.xlsx,Archives/Contours financiers/2020-2021/depenses-de-services-a-domicile-par-CA-et-par-region-2021.xlsx,2020-2021,xlsx,28.5,feuilles,1
Contours financiers,depenses-de-services-a-domicile-par-programme-et-par-region-2021.xlsx,Archives/Contours financiers/2020-2021/depenses-de-services-a-domicile-par-programme-et-par-region-2021.xlsx,2020-2021,xlsx,26.2,feuilles,1
Contours financiers,depenses-par-programme-et-par-centre-activites-2021.xlsx,Archives/Contours financiers/2020-2021/depenses-par-programme-et-par-centre-activites-2021.xlsx,2020-2021,xlsx,51.0,feuilles,1
Contours financiers,depenses-par-programme-et-par-region-2021.xlsx,Archives/Contours financiers/2020-2021/depenses-par-programme-et-par-region-2021.xlsx,2020-2021,xlsx,20.8,feuilles,1
Contours financiers,depenses-de-services-a-domicile-par-CA-et-par-region-2022.xlsx,Archives/Contours financiers/2021-2022/depenses-de-services-a-domicile-par-CA-et-par-region-2022.xlsx,2021-2022,xlsx,22.1,feuilles,1
Contours financiers,depenses-de-services-a-domicile-par-programme-et-par-region-2022.xlsx,Archives/Contours financiers/2021-2022/depenses-de-services-a-domicile-par-programme-et-par-region-2022.xlsx,2021-2022,xlsx,23.8,feuilles,1
Contours financiers,depenses-par-programme-et-par-centre-activites-2022.xlsx,Archives/Contours financiers/2021-2022/depenses-par-programme-et-par-centre-activites-2022.xlsx,2021-2022,xlsx,43.5,feuilles,1
Contours financiers,depenses-par-programme-et-par-region-2022.xlsx,Archives/Contours financiers/2021-2022/depenses-par-programme-et-par-region-2022.xlsx,2021-2022,xlsx,21.6,feuilles,1
Contours financiers,depenses-par-programme-et-par-centre-d-activites-2023.xlsx,Archives/Contours financiers/2022-2023/depenses-par-programme-et-par-centre-d-activites-2023.xlsx,2022-2023,xlsx,44.6,feuilles,1
Contours financiers,depenses-par-programme-et-par-region-2023.xlsx,Archives/Contours financiers/2022-2023/depenses-par-programme-et-par-region-2023.xlsx,2022-2023,xlsx,21.4,feuilles,1
Contours financiers,depenses-services-a-domicile-par-ca-et-region-2023.xlsx,Archives/Contours financiers/2022-2023/depenses-services-a-domicile-par-ca-et-region-2023.xlsx,2022-2023,xlsx,21.8,feuilles,1
Contours financiers,depenses-services-a-domicile-par-programme-et-par-region-2023.xlsx,Archives/Contours financiers/2022-2023/depenses-services-a-domicile-par-programme-et-par-region-2023.xlsx,2022-2023,xlsx,20.2,feuilles,1
Racine / divers,Budgets MSSS.xlsx,Budgets MSSS.xlsx,,xlsx,25.0,feuilles,3
Demographic Data,AS485_BD_2010_2011.csv,Demographic Data/AS485_BD_2010_2011.csv,2010-2011,csv,9245.3,lignes,40938
Demographic Data,AS485_BD_2011_2012.csv,Demographic Data/AS485_BD_2011_2012.csv,2011-2012,csv,7659.2,lignes,34696
Demographic Data,AS485_BD_2012_2013.csv,Demographic Data/AS485_BD_2012_2013.csv,2012-2013,csv,7248.2,lignes,32825
Demographic Data,AS485_BD_2013-2014.csv,Demographic Data/AS485_BD_2013-2014.csv,2013-2014,csv,5112.5,lignes,25261
Demographic Data,AS485_BD_2014-2015.csv,Demographic Data/AS485_BD_2014-2015.csv,2014-2015,csv,5341.3,lignes,26605
Demographic Data,AS485_BD_2015_2016.csv,Demographic Data/AS485_BD_2015_2016.csv,2015-2016,csv,6034.0,lignes,29888
Demographic Data,AS485_BD_2016_2017.csv,Demographic Data/AS485_BD_2016_2017.csv,2016-2017,csv,4162.9,lignes,29568
Demographic Data,AS485_BD_2017_2018.csv,Demographic Data/AS485_BD_2017_2018.csv,2017-2018,csv,4017.3,lignes,28396
Demographic Data,AS485_BD_2018_2019.csv,Demographic Data/AS485_BD_2018_2019.csv,2018-2019,csv,4270.9,lignes,24777
Demographic Data,AS485_BD_2019_2020.csv,Demographic Data/AS485_BD_2019_2020.csv,2019-2020,csv,3429.4,lignes,26117
Demographic Data,AS485_BD_2020_2021.csv,Demographic Data/AS485_BD_2020_2021.csv,2020-2021,csv,3141.1,lignes,23869
Demographic Data,AS485_BD_2021-202-2022-09-12.csv,Demographic Data/AS485_BD_2021-202-2022-09-12.csv,2020-2021,csv,3263.0,lignes,24519
Demographic Data,AS485_BD_2022_2023.csv,Demographic Data/AS485_BD_2022_2023.csv,2022-2023,csv,3203.3,lignes,23987
Demographic Data,AS485_BD_2023-2024_2025-07-14.csv,Demographic Data/AS485_BD_2023-2024_2025-07-14.csv,2023-2024,csv,6587.0,lignes,37513
Demographic Data,AS485_BD_2024_2025.csv,Demographic Data/AS485_BD_2024_2025.csv,2024-2025,csv,2357.8,lignes,13502
Demographic Data,Key statistics.docx,Demographic Data/Key statistics.docx,,docx,20.5,,
Demographic Data,Programmes sociopro-23-24.xlsx,Demographic Data/Programmes sociopro-23-24.xlsx,,xlsx,17.0,feuilles,1
Demographic Data,Stats.xlsx,Demographic Data/Stats.xlsx,,xlsx,19180.6,feuilles,23
Dépenses par activités,Depenses-par-programme-et-par-centre-dactivites-2013-2014.xlsx,Depenses-par-programme-et-par-centre-dactivites-2013-2014.xlsx,2013-2014,xlsx,42.0,feuilles,1
Dépenses par activités,Depenses_par_programme_et_par_centre_d-activites_1516.xlsx,Depenses_par_programme_et_par_centre_d-activites_1516.xlsx,2015-2016,xlsx,44.5,feuilles,1
Dépenses par activités,2013-2014.xlsx,Dépenses par activités/2013-2014.xlsx,2013-2014,xlsx,30.7,feuilles,1
Dépenses par activités,2014-2015.xlsx,Dépenses par activités/2014-2015.xlsx,2014-2015,xlsx,31.4,feuilles,1
Dépenses par activités,2015-2016.xlsx,Dépenses par activités/2015-2016.xlsx,2015-2016,xlsx,32.7,feuilles,1
Dépenses par activités,2016-2017.xlsx,Dépenses par activités/2016-2017.xlsx,2016-2017,xlsx,39.8,feuilles,1
Dépenses par activités,2017-2018.xlsx,Dépenses par activités/2017-2018.xlsx,2017-2018,xlsx,39.2,feuilles,1
Dépenses par activités,2018-2019.xlsx,Dépenses par activités/2018-2019.xlsx,2018-2019,xlsx,44.4,feuilles,1
Dépenses par activités,2019-2020.xlsx,Dépenses par activités/2019-2020.xlsx,2019-2020,xlsx,50.1,feuilles,1
Dépenses par activités,2020-2021.xlsx,Dépenses par activités/2020-2021.xlsx,2020-2021,xlsx,45.6,feuilles,1
Dépenses par activités,2021-2022.xlsx,Dépenses par activités/2021-2022.xlsx,2021-2022,xlsx,43.5,feuilles,1
Dépenses par activités,2022-2023.xlsx,Dépenses par activités/2022-2023.xlsx,2022-2023,xlsx,44.6,feuilles,1
Dépenses par activités,2023-2024.xlsx,Dépenses par activités/2023-2024.xlsx,2023-2024,xlsx,49.4,feuilles,1
Dépenses par activités,5516 (15-04-14).pdf,Dépenses par activités/5516 (15-04-14).pdf,,pdf,23.2,,
Dépenses par activités,5526 (15-04-01).pdf,Dépenses par activités/5526 (15-04-01).pdf,,pdf,23.3,,
Dépenses par activités,5536 (2015-04-01).pdf,Dépenses par activités/5536 (2015-04-01).pdf,2015,pdf,23.0,,
Dépenses par activités,5546 (2015-04-01).pdf,Dépenses par activités/5546 (2015-04-01).pdf,2015,pdf,22.5,,
Dépenses par activités,5556 (16-04-01).pdf,Dépenses par activités/5556 (16-04-01).pdf,,pdf,45.1,,
Dépenses par activités,6173 (17-04-01).pdf,Dépenses par activités/6173 (17-04-01).pdf,,pdf,46.9,,
Dépenses par activités,6178 (09-04-01).pdf,Dépenses par activités/6178 (09-04-01).pdf,,pdf,38.6,,
Dépenses par activités,6370 (03-04-01).pdf,Dépenses par activités/6370 (03-04-01).pdf,,pdf,45.4,,
Dépenses par activités,6430 (2015-04-01).pdf,Dépenses par activités/6430 (2015-04-01).pdf,2015,pdf,29.7,,
Dépenses par activités,6531 (2015-04-01).pdf,Dépenses par activités/6531 (2015-04-01).pdf,2015,pdf,96.0,,
Dépenses par activités,6561 (04-04-01).pdf,Dépenses par activités/6561 (04-04-01).pdf,,pdf,46.3,,
Dépenses par activités,6602 (11-04-01).pdf,Dépenses par activités/6602 (11-04-01).pdf,,pdf,47.4,,
Dépenses par activités,6800 (05-04-01).pdf,Dépenses par activités/6800 (05-04-01).pdf,,pdf,54.7,,
Dépenses par activités,6910 (15-04-01).pdf,Dépenses par activités/6910 (15-04-01).pdf,,pdf,80.0,,
Dépenses par activités,6920 (15-04-01).pdf,Dépenses par activités/6920 (15-04-01).pdf,,pdf,63.9,,
Dépenses par activités,6945 (15-04-01).pdf,Dépenses par activités/6945 (15-04-01).pdf,,pdf,56.9,,
Dépenses par activités,7001 (09-04-01).pdf,Dépenses par activités/7001 (09-04-01).pdf,,pdf,49.0,,
Dépenses par activités,7011 (15-04-01).pdf,Dépenses par activités/7011 (15-04-01).pdf,,pdf,57.6,,
Dépenses par activités,7024 (15-04-01).pdf,Dépenses par activités/7024 (15-04-01).pdf,,pdf,49.7,,
Dépenses par activités,7025 (15-04-01).pdf,Dépenses par activités/7025 (15-04-01).pdf,,pdf,49.2,,
Dépenses par activités,7031 (15-04-01).pdf,Dépenses par activités/7031 (15-04-01).pdf,,pdf,46.1,,
Dépenses par activités,7041 (15-04-01).pdf,Dépenses par activités/7041 (15-04-01).pdf,,pdf,47.9,,
Dépenses par activités,7051 (15-04-01).pdf,Dépenses par activités/7051 (15-04-01).pdf,,pdf,36.1,,
Dépenses par activités,7082 (1997-04-01) 2e version.pdf,Dépenses par activités/7082 (1997-04-01) 2e version.pdf,,pdf,81.6,,
Dépenses par activités,7083 (2015-04-01).pdf,Dépenses par activités/7083 (2015-04-01).pdf,2015,pdf,83.6,,
Dépenses par activités,7101 (2015-04-01).pdf,Dépenses par activités/7101 (2015-04-01).pdf,2015,pdf,91.1,,
Dépenses par activités,7107 (15-04-01).pdf,Dépenses par activités/7107 (15-04-01).pdf,,pdf,47.2,,
Dépenses par activités,7151 (03-04-01).pdf,Dépenses par activités/7151 (03-04-01).pdf,,pdf,87.0,,
Dépenses par activités,7152 (12-04-01).pdf,Dépenses par activités/7152 (12-04-01).pdf,,pdf,45.5,,
Dépenses par activités,7158 (97-04-01).pdf,Dépenses par activités/7158 (97-04-01).pdf,,pdf,44.8,,
Dépenses par activités,7161 (13-04-01).pdf,Dépenses par activités/7161 (13-04-01).pdf,,pdf,47.6,,
Dépenses par activités,7162 (05-04-01).pdf,Dépenses par activités/7162 (05-04-01).pdf,,pdf,47.4,,
Dépenses par activités,7163 (15-04-01).pdf,Dépenses par activités/7163 (15-04-01).pdf,,pdf,47.0,,
Dépenses par activités,7180 (04-04-01).pdf,Dépenses par activités/7180 (04-04-01).pdf,,pdf,35.8,,
Dépenses par activités,7392 (99-04-01).pdf,Dépenses par activités/7392 (99-04-01).pdf,,pdf,45.3,,
Dépenses par activités,7690 (11-04-01).pdf,Dépenses par activités/7690 (11-04-01).pdf,,pdf,57.4,,
Dépenses par activités,7999 (07-04-01).pdf,Dépenses par activités/7999 (07-04-01).pdf,,pdf,30.3,,
Dépenses par activités,8001 (09-04-01).pdf,Dépenses par activités/8001 (09-04-01).pdf,,pdf,63.9,,
Dépenses par activités,8050 (15-04-01).pdf,Dépenses par activités/8050 (15-04-01).pdf,,pdf,67.1,,
Dépenses par activités,8110 (04-04-01).pdf,Dépenses par activités/8110 (04-04-01).pdf,,pdf,40.7,,
Dépenses par activités,Depenses-par-programme-et-par-centre-dactivites-2013-2014.xlsx,Dépenses par activités/Depenses-par-programme-et-par-centre-dactivites-2013-2014.xlsx,2013-2014,xlsx,44.4,feuilles,1
Dépenses par activités,depenses-par-programme-et-par-centre-dactivites-1920.xlsx,Dépenses par activités/depenses-par-programme-et-par-centre-dactivites-1920.xlsx,2019-2020,xlsx,38.5,feuilles,1
Dépenses par activités,historique.csv,Dépenses par activités/historique.csv,,csv,15.0,lignes,306
Dépenses par activités,historique.xlsx,Dépenses par activités/historique.xlsx,,xlsx,94.6,feuilles,7
Dépenses par région,Classeur1.xlsx,Dépenses par région/Classeur1.xlsx,,xlsx,27.3,feuilles,3
Dépenses par région,04-Contour-Financier-Depenses-prog-Regions-2014-15.xlsx,Dépenses par région/dépenses/04-Contour-Financier-Depenses-prog-Regions-2014-15.xlsx,2014,xlsx,25.2,feuilles,1
Dépenses par région,Depenses-par-programme-et-par-region-2013-2014.xlsx,Dépenses par région/dépenses/Depenses-par-programme-et-par-region-2013-2014.xlsx,2013-2014,xlsx,25.3,feuilles,1
Dépenses par région,Depenses_par_programme_et_par_regions_1516.xlsx,Dépenses par région/dépenses/Depenses_par_programme_et_par_regions_1516.xlsx,2015-2016,xlsx,26.5,feuilles,1
Dépenses par région,Matrice-methodologique-Resultats-2013-2014.xlsx,Dépenses par région/dépenses/Matrice-methodologique-Resultats-2013-2014.xlsx,2013-2014,xlsx,54.5,feuilles,3
Dépenses par région,depenses-par-programme-et-par-region-1617.xlsx,Dépenses par région/dépenses/depenses-par-programme-et-par-region-1617.xlsx,2016-2017,xlsx,24.5,feuilles,1
Dépenses par région,depenses-par-programme-et-par-region-1718.xlsx,Dépenses par région/dépenses/depenses-par-programme-et-par-region-1718.xlsx,2017-2018,xlsx,19.5,feuilles,1
Dépenses par région,depenses-par-programme-et-par-region-1819.xlsx,Dépenses par région/dépenses/depenses-par-programme-et-par-region-1819.xlsx,2018-2019,xlsx,21.0,feuilles,1
Dépenses par région,depenses-par-programme-et-par-region-1920.xlsx,Dépenses par région/dépenses/depenses-par-programme-et-par-region-1920.xlsx,2019-2020,xlsx,20.9,feuilles,1
Dépenses par région,depenses-par-programme-et-par-region-2021.xlsx,Dépenses par région/dépenses/depenses-par-programme-et-par-region-2021.xlsx,2020-2021,xlsx,20.8,feuilles,1
Dépenses par région,depenses-par-programme-et-par-region-2022.xlsx,Dépenses par région/dépenses/depenses-par-programme-et-par-region-2022.xlsx,2022,xlsx,21.6,feuilles,1
Dépenses par région,depenses-par-programme-et-par-region-2023.xlsx,Dépenses par région/dépenses/depenses-par-programme-et-par-region-2023.xlsx,2023,xlsx,21.4,feuilles,1
Dépenses par région,historique par région.xlsx,Dépenses par région/historique par région.xlsx,,xlsx,29.0,feuilles,3
Racine / divers,Periscope-TSA.pdf,Periscope-TSA.pdf,,pdf,668.7,,
Racine / divers,RA_23-614-01W_MSSS.pdf,RA_23-614-01W_MSSS.pdf,,pdf,1589.3,,
SAD,01-Contour-Financier-SAD-par-CA-2014-15.xlsx,SAD/01-Contour-Financier-SAD-par-CA-2014-15.xlsx,2014,xlsx,20.4,feuilles,1
SAD,06-Contour-Financier-SAD-par-prog-et-region-2014-15.xlsx,SAD/06-Contour-Financier-SAD-par-prog-et-region-2014-15.xlsx,2014,xlsx,31.9,feuilles,1
SAD,Depenses SAD.xlsx,SAD/Depenses SAD.xlsx,,xlsx,137.1,feuilles,11
SAD,Depenses-de-services-a-domicile-par-programme-et-par-region-2013-2014.xlsx,SAD/Depenses-de-services-a-domicile-par-programme-et-par-region-2013-2014.xlsx,2013-2014,xlsx,28.7,feuilles,1
Dépenses par activités,Depenses_de_services_a_domicile_par_centre_d-activites_et_par_region_1516.xlsx,SAD/Depenses_de_services_a_domicile_par_centre_d-activites_et_par_region_1516.xlsx,2015-2016,xlsx,20.8,feuilles,1
SAD,Depenses_de_services_a_domicile_par_programme_et_par_region_1516.xlsx,SAD/Depenses_de_services_a_domicile_par_programme_et_par_region_1516.xlsx,2015-2016,xlsx,31.9,feuilles,1
SAD,SAD-par-Ca-201314.xlsx,SAD/SAD-par-Ca-201314.xlsx,,xlsx,19.6,feuilles,1
SAD,depenses-de-services-a-domicile-par-CA-et-par-region-1617.xlsx,SAD/depenses-de-services-a-domicile-par-CA-et-par-region-1617.xlsx,2016-2017,xlsx,20.3,feuilles,1
SAD,depenses-de-services-a-domicile-par-CA-et-par-region-1718.xlsx,SAD/depenses-de-services-a-domicile-par-CA-et-par-region-1718.xlsx,2017-2018,xlsx,21.4,feuilles,1
SAD,depenses-de-services-a-domicile-par-CA-et-par-region-1819.xlsx,SAD/depenses-de-services-a-domicile-par-CA-et-par-region-1819.xlsx,2018-2019,xlsx,20.9,feuilles,1
SAD,depenses-de-services-a-domicile-par-CA-et-par-region-1920.xlsx,SAD/depenses-de-services-a-domicile-par-CA-et-par-region-1920.xlsx,2019-2020,xlsx,27.9,feuilles,1
SAD,depenses-de-services-a-domicile-par-CA-et-par-region-2021.xlsx,SAD/depenses-de-services-a-domicile-par-CA-et-par-region-2021.xlsx,2020-2021,xlsx,28.5,feuilles,1
SAD,depenses-de-services-a-domicile-par-CA-et-par-region-2022.xlsx,SAD/depenses-de-services-a-domicile-par-CA-et-par-region-2022.xlsx,2022,xlsx,22.1,feuilles,1
SAD,depenses-de-services-a-domicile-par-programme-et-par-region-1617.xlsx,SAD/depenses-de-services-a-domicile-par-programme-et-par-region-1617.xlsx,2016-2017,xlsx,18.4,feuilles,1
SAD,depenses-de-services-a-domicile-par-programme-et-par-region-1718.xlsx,SAD/depenses-de-services-a-domicile-par-programme-et-par-region-1718.xlsx,2017-2018,xlsx,19.6,feuilles,1
SAD,depenses-de-services-a-domicile-par-programme-et-par-region-1819.xlsx,SAD/depenses-de-services-a-domicile-par-programme-et-par-region-1819.xlsx,2018-2019,xlsx,18.9,feuilles,1
SAD,depenses-de-services-a-domicile-par-programme-et-par-region-1920.xlsx,SAD/depenses-de-services-a-domicile-par-programme-et-par-region-1920.xlsx,2019-2020,xlsx,26.7,feuilles,1
SAD,depenses-de-services-a-domicile-par-programme-et-par-region-2021.xlsx,SAD/depenses-de-services-a-domicile-par-programme-et-par-region-2021.xlsx,2020-2021,xlsx,26.2,feuilles,1
SAD,depenses-de-services-a-domicile-par-programme-et-par-region-2022.xlsx,SAD/depenses-de-services-a-domicile-par-programme-et-par-region-2022.xlsx,2022,xlsx,23.9,feuilles,1
SAD,depenses-services-a-domicile-par-ca-et-region-2023.xlsx,SAD/depenses-services-a-domicile-par-ca-et-region-2023.xlsx,2023,xlsx,21.8,feuilles,1
SAD,depenses-services-a-domicile-par-ca-et-region-2324.xlsx,SAD/depenses-services-a-domicile-par-ca-et-region-2324.xlsx,2023-2024,xlsx,23.0,feuilles,1
SAD,depenses-services-a-domicile-par-programme-et-par-region-2023.xlsx,SAD/depenses-services-a-domicile-par-programme-et-par-region-2023.xlsx,2023,xlsx,20.2,feuilles,1
SAD,depenses-services-a-domicile-par-programme-et-par-region-2324.xlsx,SAD/depenses-services-a-domicile-par-programme-et-par-region-2324.xlsx,2023-2024,xlsx,21.7,feuilles,1
Stats usagers DI-TSA,AS-485-2011-12-BD.csv,Stats usagers DI-TSA/AS-485-2011-12-BD.csv,2011,csv,6368.0,lignes,34697
Stats usagers DI-TSA,AS-485-2012-13-BD.zip,Stats usagers DI-TSA/AS-485-2012-13-BD.zip,2012,zip,244.5,membres,1
Stats usagers DI-TSA,AS-485-2013-14-BD.csv,Stats usagers DI-TSA/AS-485-2013-14-BD.csv,2013,csv,5112.5,lignes,25261
Stats usagers DI-TSA,AS-485-2013-14-BD.xlsx,Stats usagers DI-TSA/AS-485-2013-14-BD.xlsx,2013,xlsx,1888.4,feuilles,1
Stats usagers DI-TSA,AS-485-2014-15-BD.csv,Stats usagers DI-TSA/AS-485-2014-15-BD.csv,2014,csv,4344.0,lignes,26607
Stats usagers DI-TSA,AS485_BD_2015_2016.xlsx,Stats usagers DI-TSA/AS485_BD_2015_2016.xlsx,2015-2016,xlsx,2230.7,feuilles,1
Stats usagers DI-TSA,AS485_BD_2016_2017.csv,Stats usagers DI-TSA/AS485_BD_2016_2017.csv,2016-2017,csv,3031.5,lignes,29569
Stats usagers DI-TSA,AS485_BD_2017_2018.xlsx,Stats usagers DI-TSA/AS485_BD_2017_2018.xlsx,2017-2018,xlsx,1944.7,feuilles,1
Stats usagers DI-TSA,AS485_BD_2017_2018.zip,Stats usagers DI-TSA/AS485_BD_2017_2018.zip,2017-2018,zip,264.2,membres,1
Stats usagers DI-TSA,AS485_BD_2018_2019.xlsx,Stats usagers DI-TSA/AS485_BD_2018_2019.xlsx,2018-2019,xlsx,2531.8,feuilles,2
Stats usagers DI-TSA,AS485_BD_2019_2020.csv,Stats usagers DI-TSA/AS485_BD_2019_2020.csv,2019-2020,csv,2665.0,lignes,26118
Stats usagers DI-TSA,AS485_S16_BDan2010_2011.csv,Stats usagers DI-TSA/AS485_S16_BDan2010_2011.csv,2010-2011,csv,7642.4,lignes,40939
Stats usagers DI-TSA,AS485_S16_BDan2012_2013.csv,Stats usagers DI-TSA/AS485_S16_BDan2012_2013.csv,2012-2013,csv,6026.3,lignes,32827
Racine / divers,creditsMinisteresOrganismes.pdf,creditsMinisteresOrganismes.pdf,,pdf,1860.8,,
